Timestamp,EyeLeftDiameter,EyeRightDiameter,AverageLeftAndRight
0.16499,0,0,0.0
0.18569,0,0,0.0
0.205538,0,0,0.0
0.207547,0,0,0.0
0.228947,4.397343635559082,0,2.198671817779541
0.248905,0,0,0.0
0.259883,4.410844326019287,0,2.2054221630096436
0.268844,0,0,0.0
0.279008,4.408393383026123,0,2.2041966915130615
0.288912,4.296131134033203,4.121127128601074,4.208629131317139
0.298906,0,0,0.0
0.308941,4.364459037780762,4.306763648986816,4.335611343383789
0.318905,0,0,0.0
0.328991,4.353850364685059,0,2.1769251823425293
0.339019,4.312381267547607,0,2.1561906337738037
0.34901,4.301820755004883,0,2.1509103775024414
0.358997,4.404943943023682,0,2.202471971511841
0.369063,4.394883632659912,0,2.197441816329956
0.379087,4.448429584503174,0,2.224214792251587
0.389082,4.48468017578125,0,2.242340087890625
0.399068,4.381123065948486,4.221155166625977,4.3011391162872314
0.409135,4.401015281677246,0,2.200507640838623
0.41916,4.3162922859191895,4.18314790725708,4.249720096588135
0.429155,4.321551322937012,4.259937286376953,4.290744304656982
0.43914,4.2588114738464355,4.213140964508057,4.235976219177246
0.449208,4.28278112411499,4.200037479400635,4.2414093017578125
0.459232,4.25050163269043,4.290025234222412,4.270263433456421
0.469228,4.283738613128662,4.24574089050293,4.264739751815796
0.479213,4.235517978668213,4.265040874481201,4.250279426574707
0.489281,4.271528720855713,4.286352634429932,4.278940677642822
0.499304,4.2324957847595215,4.352492332458496,4.292494058609009
0.5093,4.362481117248535,4.352817535400391,4.357649326324463
0.519285,4.278328895568848,4.369234561920166,4.323781728744507
0.529353,4.349190711975098,4.32000207901001,4.334596395492554
0.539377,4.429248809814453,3.690309762954712,4.0597792863845825
0.549372,4.360958099365234,4.185749053955078,4.273353576660156
0.559358,0,4.303381443023682,2.151690721511841
0.569426,4.341953754425049,4.4289679527282715,4.38546085357666
0.57945,0,4.403378486633301,2.2016892433166504
0.589446,4.342637062072754,4.330446720123291,4.3365418910980225
0.59943,0,4.357959270477295,2.1789796352386475
0.609498,4.318796157836914,4.3317551612854,4.325275659561157
0.619523,4.363571643829346,4.359683036804199,4.3616273403167725
0.629518,4.320555686950684,4.33681583404541,4.328685760498047
0.639503,4.331994533538818,4.338656425476074,4.335325479507446
0.64957,4.301351070404053,4.288519382476807,4.29493522644043
0.659594,4.34765625,4.321623802185059,4.334640026092529
0.669591,4.309324264526367,4.323517322540283,4.316420793533325
0.679575,4.328350067138672,4.373641014099121,4.3509955406188965
0.689643,4.297762393951416,4.325693130493164,4.31172776222229
0.699667,4.269408702850342,4.408133029937744,4.338770866394043
0.709663,4.272240161895752,4.3291015625,4.300670862197876
0.719647,4.270073890686035,4.4072723388671875,4.338673114776611
0.729716,4.263952732086182,4.376278400421143,4.320115566253662
0.73974,4.220727443695068,0,2.110363721847534
0.749735,4.226411819458008,4.318960666656494,4.272686243057251
0.75972,4.273329257965088,4.294197082519531,4.28376317024231
0.769788,4.293033123016357,4.242043972015381,4.267538547515869
0.779812,4.283695697784424,4.3003082275390625,4.292001962661743
0.789807,4.297730922698975,4.237794399261475,4.267762660980225
0.799793,4.2744269371032715,4.320533752441406,4.297480344772339
0.809861,4.298765182495117,4.206597805023193,4.252681493759155
0.819885,4.259988784790039,4.244827747344971,4.252408266067505
0.82988,4.280518054962158,4.173584938049316,4.227051496505737
0.839865,0,4.200957298278809,2.1004786491394043
0.849932,4.28125,4.132184028625488,4.206717014312744
0.859957,4.210933208465576,4.248127460479736,4.229530334472656
0.869953,4.274237155914307,4.1338791847229,4.2040581703186035
0.879938,4.0940937995910645,4.186635494232178,4.140364646911621
0.890006,4.122060775756836,4.086707592010498,4.104384183883667
0.900029,4.020984649658203,4.106539726257324,4.063762187957764
0.910025,4.043823719024658,4.011779308319092,4.027801513671875
0.92001,0,4.054905891418457,2.0274529457092285
0.930078,3.892989158630371,3.957916498184204,3.9254528284072876
0.940102,0,3.823030948638916,1.911515474319458
0.950098,3.823066234588623,3.8402297496795654,3.8316479921340942
0.960083,3.6976563930511475,3.772430181503296,3.7350432872772217
0.97015,3.7151739597320557,3.742133617401123,3.7286537885665894
1.050295,3.7233922481536865,3.699678659439087,3.7115354537963867
1.070315,3.709473133087158,3.6927623748779297,3.701117753982544
1.090368,0,3.6625595092773438,1.8312797546386719
1.110387,3.6927428245544434,3.6684985160827637,3.6806206703186035
1.120372,3.5490825176239014,3.6755428314208984,3.6123126745224
1.130441,3.6322567462921143,3.654750347137451,3.6435035467147827
1.140464,0,3.6694891452789307,1.8347445726394653
1.160445,3.5823252201080322,3.6043574810028076,3.59334135055542
1.170513,0,0,0.0
1.180537,0,0,0.0
1.190532,0,0,0.0
1.24059,0,0,0.0
1.250657,0,0,0.0
1.260683,0,0,0.0
1.270677,0,0,0.0
1.310749,3.378373384475708,0,1.689186692237854
1.350822,0,0,0.0
1.390895,3.3568153381347656,0,1.6784076690673828
1.430968,0,0,0.0
1.511112,3.364550828933716,3.5505592823028564,3.457555055618286
1.541189,0,0,0.0
1.56117,3.370074510574341,0,1.6850372552871704
1.571238,0,3.279348611831665,1.6396743059158325
1.621335,0,3.543652296066284,1.771826148033142
1.651383,0,4.0261735916137695,2.0130867958068848
1.72146,0,0,0.0
1.801606,3.3569133281707764,0,1.6784566640853882
1.831692,0,3.866199254989624,1.933099627494812
1.841677,0,4.05646276473999,2.028231382369995
1.901842,0,3.778660774230957,1.8893303871154785
1.911837,0,0,0.0
1.921823,0,0,0.0
1.941914,0,0,0.0
1.95191,0,0,0.0
1.991982,3.3514325618743896,0,1.6757162809371948
2.012035,3.328308343887329,0,1.6641541719436646
2.032055,3.2775015830993652,0,1.6387507915496826
2.052108,3.247288227081299,0,1.6236441135406494
2.072128,0,0,0.0
2.09218,0,0,0.0
2.1122,0,0,0.0
2.132252,3.113603353500366,0,1.556801676750183
2.152272,0,0,0.0
2.172326,0,0,0.0
2.192345,0,0,0.0
2.20233,3.091729164123535,0,1.5458645820617676
2.212398,0,0,0.0
2.232417,0,0,0.0
2.242403,0,0,0.0
2.262494,3.122112989425659,0,1.5610564947128296
2.292543,0,0,0.0
2.302567,0,0,0.0
2.312563,0,0,0.0
2.442764,3.01304292678833,0,1.506521463394165
2.452833,0,0,0.0
2.462858,0,0,0.0
2.472853,0,0,0.0
2.492905,0,0,0.0
2.52291,0,0,0.0
2.552998,0,0,0.0
2.59307,0,0,0.0
2.603055,2.9537556171417236,0,1.4768778085708618
2.623147,0,0,0.0
2.633142,0,0,0.0
2.643128,3.0676286220550537,0,1.5338143110275269
2.673215,0,0,0.0
2.6832,3.1116743087768555,0,1.5558371543884277
2.693268,3.008544445037842,0,1.504272222518921
2.703292,0,0,0.0
2.713287,0,0,0.0
2.723273,0,0,0.0
2.733341,0,0,0.0
2.753359,3.099302291870117,0,1.5496511459350586
2.783437,0,0,0.0
2.793432,0,0,0.0
2.813485,2.9869749546051025,0,1.4934874773025513
2.833505,0,0,0.0
2.843491,0,0,0.0
2.853558,0,0,0.0
2.873578,0,0,0.0
2.883562,0,0,0.0
2.89363,0,0,0.0
2.91365,2.997925043106079,0,1.4989625215530396
2.923635,0,0,0.0
2.933703,0,0,0.0
2.943727,0,0,0.0
2.953722,0,0,0.0
2.963707,0,0,0.0
3.123997,0,0,0.0
3.134065,0,0,0.0
3.154085,3.0632519721984863,0,1.5316259860992432
3.204143,0,0,0.0
3.284287,0,0,0.0
3.304379,2.924691915512085,0,1.4623459577560425
3.32436,2.993699550628662,0,1.496849775314331
3.39452,0,0,0.0
3.414572,0,0,0.0
3.434593,0,0,0.0
3.454645,0,0,0.0
3.474665,0,0,0.0
3.494717,2.753356695175171,3.4013407230377197,3.0773487091064453
3.53479,2.8789329528808594,0,1.4394664764404297
3.55481,0,3.2595317363739014,1.6297658681869507
3.564795,0,0,0.0
3.574862,0,3.2100346088409424,1.6050173044204712
3.594883,3.0202085971832275,0,1.5101042985916138
3.604868,0,0,0.0
3.614935,0,0,0.0
3.634954,0,0,0.0
3.64494,0,2.9463624954223633,1.4731812477111816
3.69508,0,0,0.0
3.705105,0,2.887554168701172,1.443777084350586
3.715099,0,0,0.0
3.755172,3.1010279655456543,2.853215456008911,2.9771217107772827
3.795245,0,0,0.0
3.805231,0,2.8750102519989014,1.4375051259994507
3.815298,0,0,0.0
3.825322,3.1582682132720947,2.90244197845459,3.0303550958633423
3.835317,0,0,0.0
3.865394,3.1730997562408447,3.0305585861206055,3.101829171180725
3.87539,0,0,0.0
3.905467,3.1688907146453857,3.0176141262054443,3.093252420425415
3.915462,0,0,0.0
3.945539,3.167834758758545,2.9710612297058105,3.0694479942321777
3.96552,0,0,0.0
4.01566,3.1660099029541016,2.947046995162964,3.0565284490585327
4.025685,0,0,0.0
4.03568,3.1609747409820557,2.932771682739258,3.0468732118606567
4.045665,0,0,0.0
4.055732,3.151371479034424,2.8819143772125244,3.016642928123474
4.075752,2.9685277938842773,0,1.4842638969421387
4.115825,0,2.8456532955169678,1.4228266477584839
4.135877,0,0,0.0
4.145901,0,2.962024211883545,1.4810121059417725
4.155898,3.148214817047119,0,1.5741074085235596
4.17595,0,0,0.0
4.185974,3.209740161895752,0,1.604870080947876
4.236042,0,0,0.0
4.26612,0,0,0.0
4.276115,3.050431489944458,0,1.525215744972229
4.296168,0,3.3411524295806885,1.6705762147903442
4.416385,0,3.010077714920044,1.505038857460022
4.436405,0,0,0.0
4.456457,0,0,0.0
4.476478,0,0,0.0
4.526535,0,0,0.0
4.616748,0,0,0.0
4.636767,0,0,0.0
4.67684,0,0,0.0
4.696893,0,0,0.0
4.716912,0,0,0.0
4.756984,0,0,0.0
4.777038,0,0,0.0
4.797058,0,0,0.0
4.81711,0,3.036463737487793,1.5182318687438965
4.837129,3.1885457038879395,0,1.5942728519439697
4.897255,0,3.055738925933838,1.527869462966919
4.917275,3.265596628189087,0,1.6327983140945435
4.957347,0,0,0.0
4.99742,3.042037010192871,0,1.5210185050964355
5.017473,0,0,0.0
5.057545,0,0,0.0
5.117637,3.0263359546661377,0,1.5131679773330688
5.177762,0,0,0.0
5.608493,0,0,0.0
5.61856,3.0772078037261963,0,1.5386039018630981
5.638581,0,0,0.0
5.658632,0,0,0.0
5.678652,0,0,0.0
5.688637,3.1342263221740723,0,1.5671131610870361
5.698705,3.1319406032562256,0,1.5659703016281128
5.718725,0,0,0.0
5.738777,3.0979936122894287,0,1.5489968061447144
5.758797,0,5.998185157775879,2.9990925788879395
5.77885,3.047766923904419,0,1.5238834619522095
5.79887,0,0,0.0
5.818922,0,0,0.0
5.838942,3.234604597091675,0,1.6173022985458374
5.858995,3.2039694786071777,0,1.6019847393035889
5.879015,3.284883737564087,0,1.6424418687820435
5.899068,3.379065752029419,0,1.6895328760147095
5.919087,3.3253204822540283,0,1.6626602411270142
5.93914,3.4024317264556885,0,1.7012158632278442
5.95916,0,4.402591705322266,2.201295852661133
5.979213,0,0,0.0
5.999232,3.3711302280426025,0,1.6855651140213013
6.019285,0,0,0.0
6.039304,0,0,0.0
6.059357,3.261589765548706,0,1.630794882774353
6.079377,3.2727291584014893,0,1.6363645792007446
6.09943,0,0,0.0
6.119449,3.2682931423187256,0,1.6341465711593628
6.139502,0,0,0.0
6.159523,3.343717575073242,0,1.671858787536621
6.179575,3.30244517326355,0,1.651222586631775
6.199595,0,3.717360496520996,1.858680248260498
6.219647,0,0,0.0
6.239667,3.295576810836792,3.4617762565612793,3.3786765336990356
6.25972,3.210176467895508,0,1.605088233947754
6.27974,0,3.344174861907959,1.6720874309539795
6.299793,0,0,0.0
6.319812,3.2404816150665283,3.299264669418335,3.2698731422424316
6.339865,3.9528250694274902,0,1.9764125347137451
6.359884,0,3.282252788543701,1.6411263942718506
6.379937,0,3.1898982524871826,1.5949491262435913
6.399957,3.4488961696624756,3.2409167289733887,3.344906449317932
6.42001,0,3.044616222381592,1.522308111190796
6.44003,0,0,0.0
6.460082,0,0,0.0
6.480102,0,0,0.0
6.500155,0,0,0.0
6.520175,0,0,0.0
6.540227,0,0,0.0
6.560247,0,0,0.0
6.5803,0,0,0.0
6.60032,0,0,0.0
6.620372,0,0,0.0
6.640392,0,0,0.0
6.660445,0,0,0.0
6.680465,0,0,0.0
6.700516,0,0,0.0
6.720538,0,0,0.0
6.74059,0,3.0778565406799316,1.5389282703399658
6.760609,3.248347520828247,0,1.6241737604141235
6.780662,0,0,0.0
6.800682,3.1686441898345947,0,1.5843220949172974
6.820735,0,0,0.0
6.840755,0,0,0.0
6.85074,0,0,0.0
6.860807,0,0,0.0
6.870832,0,3.777101993560791,1.8885509967803955
6.880828,0,0,0.0
6.890813,0,0,0.0
6.90088,0,0,0.0
6.9209,0,0,0.0
6.940952,0,0,0.0
6.960972,0,0,0.0
6.970958,0,0,0.0
6.981025,0,3.241023063659668,1.620511531829834
7.001044,0,0,0.0
7.021097,0,3.8167989253997803,1.9083994626998901
7.041117,0,0,0.0
7.06117,0,3.426959753036499,1.7134798765182495
7.081189,0,0,0.0
7.101242,0,0,0.0
7.121262,0,0,0.0
7.141315,0,0,0.0
7.161335,0,0,0.0
7.181388,0,0,0.0
7.201407,3.2214713096618652,0,1.6107356548309326
7.22146,0,0,0.0
7.241479,3.2274887561798096,0,1.6137443780899048
7.261533,0,0,0.0
7.281552,3.228177309036255,0,1.6140886545181274
7.301605,0,0,0.0
7.321624,3.2319328784942627,0,1.6159664392471313
7.341677,0,0,0.0
7.361698,3.232485771179199,0,1.6162428855895996
7.38175,0,0,0.0
7.40177,3.2304491996765137,0,1.6152245998382568
7.421822,0,0,0.0
7.431846,0,0,0.0
7.441842,0,0,0.0
7.451828,3.2417969703674316,0,1.6208984851837158
7.461895,0,0,0.0
7.471919,3.22922420501709,0,1.614612102508545
7.481915,3.151507616043091,0,1.5757538080215454
7.4919,3.1874747276306152,0,1.5937373638153076
7.501967,0,0,0.0
7.511992,3.1950252056121826,0,1.5975126028060913
7.521987,3.140199661254883,0,1.5700998306274414
7.531972,3.1213974952697754,0,1.5606987476348877
7.54204,0,0,0.0
7.552065,3.1187446117401123,0,1.5593723058700562
7.56206,3.1181399822235107,0,1.5590699911117554
7.572045,0,0,0.0
7.582112,0,0,0.0
7.592137,0,0,0.0
7.602133,0,0,0.0
7.612118,3.1038131713867188,0,1.5519065856933594
7.622185,3.186908006668091,0,1.5934540033340454
7.632209,3.1150779724121094,0,1.5575389862060547
7.642204,0,0,0.0
7.65219,0,0,0.0
7.662257,0,0,0.0
7.672282,3.074167490005493,0,1.5370837450027466
7.682277,0,0,0.0
7.692262,0,0,0.0
7.70233,0,0,0.0
7.712354,3.0782880783081055,0,1.5391440391540527
7.72235,3.1348602771759033,0,1.5674301385879517
7.732335,3.113027811050415,0,1.5565139055252075
7.742403,3.2428996562957764,0,1.6214498281478882
7.752427,3.161668300628662,0,1.580834150314331
7.762422,0,0,0.0
7.772408,0,0,0.0
7.782475,3.2061870098114014,0,1.6030935049057007
7.792499,3.14717173576355,0,1.573585867881775
7.81248,0,0,0.0
7.822547,0,0,0.0
7.842567,3.178224802017212,0,1.589112401008606
7.852553,3.1408443450927734,0,1.5704221725463867
7.86262,0,0,0.0
7.872644,0,0,0.0
7.88264,3.131208896636963,0,1.5656044483184814
7.892625,0,0,0.0
7.902692,0,3.3127236366271973,1.6563618183135986
7.912717,0,0,0.0
7.922712,0,0,0.0
7.942765,0,0,0.0
7.962785,0,0,0.0
7.982837,3.161553382873535,0,1.5807766914367676
7.992862,3.133974552154541,0,1.5669872760772705
8.002857,3.1706953048706055,0,1.5853476524353027
8.012842,3.191279649734497,0,1.5956398248672485
8.022911,3.1963298320770264,0,1.5981649160385132
8.032934,0,0,0.0
8.042929,3.1931705474853516,0,1.5965852737426758
8.052915,0,0,0.0
8.062982,0,0,0.0
8.073006,0,0,0.0
8.083002,3.1811635494232178,0,1.5905817747116089
8.092988,0,0,0.0
8.103055,3.1191799640655518,0,1.5595899820327759
8.113079,3.1056406497955322,0,1.5528203248977661
8.123075,3.0916671752929688,0,1.5458335876464844
8.143127,0,0,0.0
8.153151,3.081587553024292,0,1.540793776512146
8.163147,3.106703042984009,0,1.5533515214920044
8.173132,0,0,0.0
8.1832,0,0,0.0
8.193224,0,0,0.0
8.203219,0,0,0.0
8.213205,3.1351306438446045,0,1.5675653219223022
8.223273,0,0,0.0
8.233296,0,0,0.0
8.243292,3.163978099822998,0,1.581989049911499
8.253278,3.1530585289001465,0,1.5765292644500732
8.263345,0,0,0.0
8.27337,3.1798715591430664,0,1.5899357795715332
8.293349,0,0,0.0
8.303418,0,0,0.0
8.313441,0,0,0.0
8.323437,0,0,0.0
8.34349,0,0,0.0
8.353515,0,0,0.0
8.36351,0,0,0.0
8.373495,0,0,0.0
8.383562,0,0,0.0
8.393586,0,0,0.0
8.403582,0,0,0.0
8.413567,3.198267936706543,0,1.5991339683532715
8.423635,0,0,0.0
8.43366,3.182317018508911,0,1.5911585092544556
8.443655,0,0,0.0
8.453639,3.242020606994629,0,1.6210103034973145
8.463707,0,0,0.0
8.483728,3.1653804779052734,0,1.5826902389526367
8.493713,0,0,0.0
8.50378,0,0,0.0
8.513804,0,0,0.0
8.5238,0,0,0.0
8.533785,5.393345832824707,3.109302282333374,4.2513240575790405
8.543852,0,0,0.0
8.553876,0,0,0.0
8.563872,0,0,0.0
8.573857,0,0,0.0
8.583925,0,0,0.0
8.603945,0,0,0.0
8.613931,0,0,0.0
8.623997,0,0,0.0
8.634022,4.011824607849121,0,2.0059123039245605
8.644017,0,0,0.0
8.654003,3.501584529876709,0,1.7507922649383545
8.66407,0,0,0.0
8.674093,0,0,0.0
8.68409,0,0,0.0
8.704142,3.2975218296051025,0,1.6487609148025513
8.714167,0,0,0.0
8.724162,3.2154769897460938,0,1.6077384948730469
8.734148,0,0,0.0
8.744215,3.1927502155303955,0,1.5963751077651978
8.754239,0,0,0.0
8.764234,0,0,0.0
8.77422,0,0,0.0
8.784287,3.1880533695220947,0,1.5940266847610474
8.794312,0,0,0.0
8.804307,3.210097074508667,0,1.6050485372543335
8.814293,0,0,0.0
8.82436,3.233246088027954,0,1.616623044013977
8.834384,0,0,0.0
8.84438,3.2511181831359863,0,1.6255590915679932
8.854365,0,0,0.0
8.864433,3.26223087310791,0,1.631115436553955
8.874457,0,0,0.0
8.884453,0,0,0.0
8.904504,0,0,0.0
8.924524,0,0,0.0
8.944577,0,0,0.0
8.964598,3.270519733428955,0,1.6352598667144775
8.974582,0,0,0.0
8.984649,3.257946491241455,0,1.6289732456207275
9.00467,0,0,0.0
9.024722,0,0,0.0
9.044742,0,0,0.0
9.064795,3.2720327377319336,0,1.6360163688659668
9.084815,0,0,0.0
9.104868,0,0,0.0
9.114892,0,0,0.0
9.124887,3.2540206909179688,0,1.6270103454589844
9.14494,0,0,0.0
9.16496,3.2638282775878906,0,1.6319141387939453
9.185013,0,0,0.0
9.205032,0,0,0.0
9.225085,0,0,0.0
9.245104,3.279498815536499,0,1.6397494077682495
9.265158,0,0,0.0
9.285178,0,0,0.0
9.30523,0,0,0.0
9.325249,0,0,0.0
9.345303,0,0,0.0
9.365323,3.2983195781707764,0,1.6491597890853882
9.385375,0,0,0.0
9.395399,0,0,0.0
9.405394,0,0,0.0
9.425447,0,0,0.0
9.445467,0,0,0.0
9.455452,3.3114166259765625,0,1.6557083129882812
9.46552,0,0,0.0
9.475543,0,0,0.0
9.495526,0,0,0.0
9.515617,0,0,0.0
9.525612,0,0,0.0
9.535597,0,0,0.0
9.545666,0,0,0.0
9.565685,0,0,0.0
9.57567,0,0,0.0
9.585738,0,0,0.0
9.605757,0,0,0.0
9.615743,0,0,0.0
9.625809,0,0,0.0
9.635834,0,0,0.0
9.64583,0,0,0.0
9.655815,0,0,0.0
9.665882,0,0,0.0
9.675906,0,0,0.0
9.685903,0,0,0.0
9.705955,0,0,0.0
9.725975,0,0,0.0
9.735959,0,0,0.0
9.746027,0,0,0.0
9.756051,0,0,0.0
9.766046,0,0,0.0
9.866245,0,0,0.0
9.876268,0,0,0.0
9.886265,0,0,0.0
9.89625,0,0,0.0
9.906317,0,0,0.0
9.916342,0,0,0.0
9.926337,0,0,0.0
9.94639,0,0,0.0
9.956414,0,0,0.0
9.96641,0,0,0.0
9.976395,0,0,0.0
9.986462,0,0,0.0
9.996487,0,0,0.0
10.006482,0,0,0.0
10.016468,0,0,0.0
10.026535,0,0,0.0
10.046555,0,0,0.0
10.05654,0,3.270359754562378,1.635179877281189
10.066607,3.31416392326355,0,1.657081961631775
10.076632,0,0,0.0
10.086628,3.297929525375366,0,1.648964762687683
10.096613,0,0,0.0
10.10668,3.2951278686523438,0,1.6475639343261719
10.116705,0,0,0.0
10.1267,3.2838470935821533,0,1.6419235467910767
10.136686,0,3.2759029865264893,1.6379514932632446
10.146752,3.280118703842163,0,1.6400593519210815
10.156776,0,0,0.0
10.166772,3.2701938152313232,0,1.6350969076156616
10.176758,0,0,0.0
10.186825,3.2734861373901367,0,1.6367430686950684
10.19685,0,0,0.0
10.206845,3.2683510780334473,0,1.6341755390167236
10.21683,0,0,0.0
10.226897,3.27628231048584,0,1.63814115524292
10.236922,0,0,0.0
10.246917,3.275646448135376,0,1.637823224067688
10.256903,0,0,0.0
10.266969,3.281824827194214,0,1.640912413597107
10.276995,0,0,0.0
10.28699,3.28409481048584,0,1.64204740524292
10.296975,0,0,0.0
10.307042,3.283695697784424,0,1.641847848892212
10.317067,0,0,0.0
10.327063,3.285971164703369,0,1.6429855823516846
10.337048,0,0,0.0
10.347114,3.298823595046997,0,1.6494117975234985
10.357139,0,0,0.0
10.367135,3.3021750450134277,0,1.6510875225067139
10.37712,0,0,0.0
10.387187,3.3015074729919434,0,1.6507537364959717
10.397212,0,0,0.0
10.407207,3.311821937561035,0,1.6559109687805176
10.417193,0,0,0.0
10.42726,3.3167996406555176,0,1.6583998203277588
10.437284,0,0,0.0
10.44728,3.3149168491363525,0,1.6574584245681763
10.457265,0,0,0.0
10.467332,3.3125457763671875,3.178405284881592,3.2454755306243896
10.477357,0,0,0.0
10.487353,3.3577520847320557,0,1.6788760423660278
10.497338,0,0,0.0
10.507404,3.4768617153167725,0,1.7384308576583862
10.517429,0,0,0.0
10.527425,3.471601724624634,0,1.735800862312317
10.53741,0,0,0.0
10.547478,3.4721832275390625,3.1153669357299805,3.2937750816345215
10.557502,0,0,0.0
10.567497,3.4626517295837402,3.111844778060913,3.2872482538223267
10.577483,0,0,0.0
10.58755,3.457505702972412,3.142448663711548,3.29997718334198
10.597574,0,0,0.0
10.60757,3.4271435737609863,0,1.7135717868804932
10.617555,0,0,0.0
10.627623,3.4583351612091064,3.1542892456054688,3.3063122034072876
10.637647,0,0,0.0
10.647642,3.312819480895996,2.9671974182128906,3.1400084495544434
10.657628,0,0,0.0
10.667695,3.5860962867736816,0,1.7930481433868408
10.67772,0,0,0.0
10.687715,3.632845163345337,3.188551187515259,3.410698175430298
10.6977,0,0,0.0
10.707767,3.6267664432525635,3.358041524887085,3.492403984069824
10.717791,0,0,0.0
10.727787,3.6831867694854736,3.4017913341522217,3.5424890518188477
10.737773,0,0,0.0
10.74784,3.648535966873169,3.3894710540771484,3.5190035104751587
10.757865,0,0,0.0
10.76786,3.6308677196502686,3.385843515396118,3.5083556175231934
10.777845,0,0,0.0
10.787911,3.60583233833313,3.3716089725494385,3.488720655441284
10.797937,0,0,0.0
10.807933,3.5895211696624756,3.3564035892486572,3.4729623794555664
10.817918,0,0,0.0
10.827986,3.5807316303253174,3.3501312732696533,3.4654314517974854
10.838009,0,0,0.0
10.848005,3.6225461959838867,3.3479230403900146,3.4852346181869507
10.85799,0,0,0.0
10.868057,3.640826463699341,3.3873095512390137,3.5140680074691772
10.968223,0,0,0.0
10.988275,3.680734395980835,3.3987772464752197,3.5397558212280273
11.008294,0,0,0.0
11.018281,3.7250864505767822,3.401311159133911,3.5631988048553467
11.028347,0,0,0.0
11.048367,3.7038283348083496,3.7207319736480713,3.7122801542282104
11.058352,0,0,0.0
11.06842,3.733253002166748,3.754397392272949,3.7438251972198486
11.078444,0,0,0.0
11.08844,3.7384145259857178,3.784632682800293,3.7615236043930054
11.098426,0,0,0.0
11.108492,3.922433614730835,3.726177930831909,3.824305772781372
11.118517,0,0,0.0
11.128512,3.9187164306640625,3.4452383518218994,3.681977391242981
11.138498,0,0,0.0
11.148565,3.895531415939331,3.424084186553955,3.659807801246643
11.158589,0,0,0.0
11.168585,3.8498148918151855,3.4096908569335938,3.6297528743743896
11.178571,0,0,0.0
11.188638,3.8434624671936035,3.4186742305755615,3.6310683488845825
11.198662,0,0,0.0
11.208657,3.894911527633667,3.420607805252075,3.657759666442871
11.218643,0,0,0.0
11.228709,3.9373152256011963,3.416559934616089,3.6769375801086426
11.238734,0,0,0.0
11.24873,3.9538419246673584,3.4252963066101074,3.689569115638733
11.258715,0,0,0.0
11.268782,3.9709067344665527,3.433462381362915,3.702184557914734
11.278806,0,0,0.0
11.288802,3.9777908325195312,3.4378087520599365,3.707799792289734
11.298787,0,0,0.0
11.308855,3.9464035034179688,3.444063663482666,3.6952335834503174
11.31888,0,0,0.0
11.328875,3.9062252044677734,3.4550843238830566,3.680654764175415
11.338861,0,0,0.0
11.348928,3.888120412826538,3.4542717933654785,3.6711961030960083
11.358951,0,0,0.0
11.368947,3.887457847595215,3.4624557495117188,3.674956798553467
11.378932,0,0,0.0
11.388999,3.91300106048584,3.565171241760254,3.739086151123047
11.399025,0,0,0.0
11.40902,3.942106008529663,3.6189305782318115,3.7805182933807373
11.419005,0,3.490602970123291,1.7453014850616455
11.429072,3.972083330154419,3.5840260982513428,3.778054714202881
11.439097,0,3.464930772781372,1.732465386390686
11.449092,3.9970526695251465,3.5770344734191895,3.787043571472168
11.469144,0,3.4935808181762695,1.7467904090881348
11.479169,4.019737243652344,3.576857089996338,3.798297166824341
11.489165,0,0,0.0
11.49915,4.057058334350586,3.621251344680786,3.839154839515686
11.509218,0,0,0.0
11.519242,4.068122386932373,3.6208529472351074,3.8444876670837402
11.529237,0,0,0.0
11.539222,4.0673699378967285,3.6273176670074463,3.8473438024520874
11.54929,0,3.5367674827575684,1.7683837413787842
11.559314,4.0638604164123535,3.6044466495513916,3.8341535329818726
11.56931,0,0,0.0
11.579296,4.0694499015808105,3.637016534805298,3.853233218193054
11.589362,0,0,0.0
11.599386,4.064067840576172,3.645650625228882,3.854859232902527
11.609383,0,0,0.0
11.629435,4.075178623199463,3.6958749294281006,3.8855267763137817
11.63946,0,0,0.0
11.649455,4.08359432220459,3.730245351791382,3.906919836997986
11.65944,0,0,0.0
11.669507,4.10461950302124,3.768889904022217,3.9367547035217285
11.679532,0,0,0.0
11.689527,4.116042613983154,3.803234100341797,3.9596383571624756
11.70958,0,0,0.0
11.719604,4.138606548309326,3.817005157470703,3.9778058528900146
11.7296,0,0,0.0
11.739585,4.14973783493042,3.830512285232544,3.990125060081482
11.749652,0,0,0.0
11.759678,4.1659932136535645,3.840561866760254,4.003277540206909
11.769672,0,0,0.0
11.779657,4.182523250579834,3.8452916145324707,4.013907432556152
11.789724,0,0,0.0
11.799749,4.193305492401123,3.846487522125244,4.019896507263184
11.809744,0,0,0.0
11.819731,4.203585624694824,3.8535544872283936,4.028570055961609
11.829797,0,0,0.0
11.839822,4.211158275604248,3.8556597232818604,4.033408999443054
11.849818,0,0,0.0
11.869869,4.225512504577637,3.7532567977905273,3.989384651184082
11.88989,0,0,0.0
11.909942,4.277833938598633,4.457674503326416,4.367754220962524
11.929962,0,0,0.0
11.939947,4.275228500366211,4.437636852264404,4.356432676315308
11.950014,0,0,0.0
11.970035,4.290875434875488,4.341922283172607,4.316398859024048
11.990088,0,0,0.0
12.010107,4.287483215332031,4.236481666564941,4.261982440948486
12.020092,0,0,0.0
12.12033,4.333194732666016,4.166775703430176,4.249985218048096
12.160402,0,0,0.0
12.310667,4.325343132019043,3.961745023727417,4.14354407787323
12.330687,0,0,0.0
12.380745,4.22250509262085,0,2.111252546310425
12.400837,0,0,0.0
12.430885,4.005373477935791,0,2.0026867389678955
12.440909,4.011214256286621,0,2.0056071281433105
12.450905,3.9572482109069824,3.995120048522949,3.976184129714966
12.470957,4.053318500518799,0,2.0266592502593994
12.490977,3.9708709716796875,4.009429931640625,3.9901504516601562
12.53105,4.052311420440674,0,2.026155710220337
12.681344,3.966665506362915,0,1.9833327531814575
12.731412,3.931978464126587,0,1.9659892320632935
12.791537,3.900397777557373,3.998720407485962,3.9495590925216675
12.811558,3.9649665355682373,0,1.9824832677841187
12.85163,3.9004364013671875,3.993258476257324,3.946847438812256
12.901688,3.9972901344299316,0,1.9986450672149658
12.981832,3.9069135189056396,3.9853858947753906,3.946149706840515
13.001924,3.965320348739624,0,1.982660174369812
13.031972,3.893502950668335,3.9573376178741455,3.9254202842712402
13.051992,3.934597969055176,0,1.967298984527588
13.092065,3.8805906772613525,3.959199905395508,3.91989529132843
13.132137,3.942518472671509,0,1.9712592363357544
13.17221,3.8742411136627197,3.9599790573120117,3.9171100854873657
13.212283,3.933871269226074,0,1.966935634613037
13.232335,3.8696272373199463,3.963092088699341,3.9163596630096436
13.252355,3.8728713989257812,0,1.9364356994628906
13.292427,3.9267871379852295,0,1.9633935689926147
13.3325,3.925440788269043,0,1.9627203941345215
13.412644,3.937138319015503,4.00254487991333,3.9698415994644165
13.432697,3.9309229850769043,0,1.9654614925384521
13.452717,3.9244601726531982,3.982635736465454,3.953547954559326
13.47277,3.928178310394287,0,1.9640891551971436
13.49279,3.9254040718078613,3.9653210639953613,3.9453625679016113
13.532862,3.9214329719543457,0,1.9607164859771729
13.572935,3.918696880340576,3.9193522930145264,3.9190245866775513
13.592987,3.912611484527588,0,1.956305742263794
13.613008,3.914010524749756,3.8919997215270996,3.9030051231384277
13.63306,3.8843302726745605,0,1.9421651363372803
13.65308,3.8980610370635986,3.8873543739318848,3.8927077054977417
13.713205,3.8662352561950684,0,1.9331176280975342
13.733225,3.8879506587982178,3.8898754119873047,3.8889130353927612
13.773297,3.923701763153076,0,1.961850881576538
13.79335,0,0,0.0
13.81337,4.42733097076416,0,2.21366548538208
13.913567,4.131414413452148,3.2958908081054688,3.7136526107788086
13.933588,0,0,0.0
13.97366,4.230597019195557,3.5210108757019043,3.8758039474487305
14.013732,4.203786373138428,0,2.101893186569214
14.053805,4.259211540222168,3.6660635471343994,3.9626375436782837
14.13395,4.280231952667236,0,2.140115976333618
14.174022,4.2562150955200195,2.9650933742523193,3.6106542348861694
14.194074,4.272050380706787,0,2.1360251903533936
14.214095,4.251446723937988,3.3922791481018066,3.8218629360198975
14.254168,4.25144624710083,0,2.125723123550415
14.27422,4.23757266998291,3.5972392559051514,3.9174059629440308
14.29424,0,0,0.0
14.334313,4.229074954986572,3.7131333351135254,3.971104145050049
14.374385,0,0,0.0
14.414457,4.221855163574219,3.7078051567077637,3.964830160140991
14.434509,0,0,0.0
14.45453,4.212925910949707,3.704671621322632,3.9587987661361694
14.474582,4.12508487701416,3.5331151485443115,3.829100012779236
14.494602,4.171414852142334,3.6391894817352295,3.9053021669387817
14.514654,4.203704357147217,0,2.1018521785736084
14.534675,4.204603672027588,3.6869828701019287,3.9457932710647583
14.554727,4.215832233428955,3.4609439373016357,3.8383880853652954
14.574748,4.216639518737793,3.6170449256896973,3.916842222213745
14.594799,4.219516754150391,0,2.1097583770751953
14.694965,4.227674961090088,3.674550771713257,3.9511128664016724
14.70495,4.2228193283081055,0,2.1114096641540527
14.715017,4.238144874572754,3.703923463821411,3.9710341691970825
14.725042,4.233258247375488,0,2.116629123687744
14.745022,4.24964714050293,3.7117903232574463,3.980718731880188
14.765114,4.245439529418945,0,2.1227197647094727
14.77511,4.280998706817627,3.7405827045440674,4.010790705680847
14.805187,0,0,0.0
14.815182,4.305583953857422,3.75319766998291,4.029390811920166
14.885332,3.504974126815796,0,1.752487063407898
14.91538,4.028466701507568,3.7834959030151367,3.9059813022613525
14.935399,3.399759531021118,0,1.699879765510559
14.955452,3.9840898513793945,3.7824783325195312,3.883284091949463
14.975473,4.162384986877441,0,2.0811924934387207
14.985457,4.258307933807373,3.8223941326141357,4.040351033210754
15.015545,4.269694805145264,0,2.134847402572632
15.035597,4.256335735321045,3.7688848972320557,4.01261031627655
15.055618,4.243226051330566,0,2.121613025665283
15.065603,4.252377510070801,3.774568557739258,4.013473033905029
15.085694,3.4697773456573486,0,1.7348886728286743
15.095691,3.9446215629577637,3.3404829502105713,3.6425522565841675
15.115742,3.321481704711914,0,1.660740852355957
15.155815,0,0,0.0
15.165839,4.053104877471924,0,2.026552438735962
15.175835,4.133995532989502,3.5693814754486084,3.851688504219055
15.215907,4.177844047546387,0,2.0889220237731934
15.25598,4.16978120803833,3.736119270324707,3.9529502391815186
15.276033,0,0,0.0
15.296053,4.180575370788574,3.8033602237701416,3.991967797279358
15.336125,3.441922903060913,0,1.7209614515304565
15.376198,3.903869867324829,3.8263702392578125,3.865120053291321
15.39625,3.2917604446411133,0,1.6458802223205566
15.41627,3.861271858215332,3.8294551372528076,3.84536349773407
15.436322,3.3333077430725098,0,1.6666538715362549
15.456343,3.8618063926696777,3.832702398300171,3.8472543954849243
15.536487,3.995443344116211,0,1.9977216720581055
15.55654,4.111461162567139,3.823140859603882,3.9673010110855103
15.596612,4.130362510681152,0,2.065181255340576
15.676757,4.155856609344482,3.808847188949585,3.9823518991470337
15.71683,3.440439462661743,0,1.7202197313308716
15.73685,3.9135706424713135,3.8340964317321777,3.8738335371017456
15.816995,0,0,0.0
15.857068,4.083555698394775,3.813843011856079,3.9486993551254272
15.937213,3.411492347717285,0,1.7057461738586426
15.997337,3.9052364826202393,3.843690872192383,3.874463677406311
16.05743,3.3478524684906006,0,1.6739262342453003
16.087506,3.8798575401306152,3.8754372596740723,3.8776473999023438
16.107488,3.336146593093872,0,1.668073296546936
16.277844,3.887755870819092,3.907740831375122,3.897748351097107
16.297864,4.136301040649414,0,2.068150520324707
16.317917,4.2017316818237305,3.9390065670013428,4.070369124412537
16.337938,3.463812828063965,0,1.7319064140319824
16.357989,3.9718658924102783,3.9472815990448,3.959573745727539
16.37801,0,0,0.0
16.418082,4.145620822906494,3.9945340156555176,4.070077419281006
16.438135,4.23103666305542,0,2.11551833152771
16.458155,4.268056392669678,3.449491262435913,3.8587738275527954
16.478207,4.2865681648254395,0,2.1432840824127197
16.5383,4.257282733917236,3.225029945373535,3.7411563396453857
16.558353,4.294987201690674,0,2.147493600845337
16.578372,4.265462875366211,3.147744655609131,3.706603765487671
16.598425,4.294206142425537,0,2.1471030712127686
16.618445,4.266330242156982,3.117619514465332,3.6919748783111572
16.638497,0,0,0.0
16.658518,4.253926753997803,3.112764835357666,3.6833457946777344
16.67857,4.297517776489258,0,2.148758888244629
16.748648,4.255077362060547,0,2.1275386810302734
16.778735,4.323371410369873,0,2.1616857051849365
16.798787,4.3034257888793945,3.8015871047973633,4.052506446838379
16.818807,4.3385419845581055,0,2.1692709922790527
16.85888,4.298644542694092,4.015687465667725,4.157166004180908
16.898952,4.33901309967041,0,2.169506549835205
16.999149,4.3200836181640625,4.0658793449401855,4.192981481552124
17.009174,4.34957218170166,0,2.17478609085083
17.01917,4.310398101806641,4.060479640960693,4.185438871383667
17.029156,4.347011566162109,0,2.1735057830810547
17.039222,4.327652931213379,4.151269912719727,4.239461421966553
17.059242,4.365453720092773,0,2.1827268600463867
17.069228,4.425905704498291,0,2.2129528522491455
17.079294,4.411191463470459,0,2.2055957317352295
17.099315,4.426102161407471,3.6102168560028076,4.018159508705139
17.119367,4.388668537139893,0,2.1943342685699463
17.139387,4.412170886993408,3.338695764541626,3.875433325767517
17.159439,0,0,0.0
17.17946,4.423404693603516,3.25665020942688,3.8400274515151978
17.199513,0,0,0.0
17.219532,4.407863140106201,3.788494348526001,4.098178744316101
17.239585,0,0,0.0
17.259605,4.449088096618652,3.9846527576446533,4.216870427131653
17.26959,0,0,0.0
17.279657,4.45097017288208,3.990247964859009,4.220609068870544
17.289682,3.641850233078003,0,1.8209251165390015
17.299678,4.158976078033447,4.076623916625977,4.117799997329712
17.31973,0,0,0.0
17.339749,4.318813800811768,4.099265098571777,4.2090394496917725
17.359801,0,0,0.0
17.379822,4.3677473068237305,0,2.1838736534118652
17.389807,0,0,0.0
17.399875,4.4076151847839355,0,2.2038075923919678
17.419895,0,0,0.0
17.42988,4.409980297088623,3.497560739517212,3.9537705183029175
17.439948,0,0,0.0
17.459967,4.402359485626221,3.9373562335968018,4.169857859611511
17.469953,0,0,0.0
17.48002,4.393337726593018,4.095875263214111,4.2446064949035645
17.490044,3.7277510166168213,0,1.8638755083084106
17.500039,4.188934803009033,4.076544761657715,4.132739782333374
17.520091,0,0,0.0
17.530117,4.3518829345703125,4.066230297088623,4.209056615829468
17.540112,0,0,0.0
17.550097,4.416357517242432,4.071238040924072,4.243797779083252
17.560165,0,0,0.0
17.580185,4.43879508972168,4.06231689453125,4.250555992126465
17.590171,0,0,0.0
17.600237,4.449079513549805,4.14937686920166,4.299228191375732
17.610261,0,0,0.0
17.620258,4.44746208190918,4.158555507659912,4.303008794784546
17.630243,0,0,0.0
17.64031,4.447510719299316,4.088507175445557,4.2680089473724365
17.650334,0,0,0.0
17.660329,4.446037292480469,4.0463738441467285,4.246205568313599
17.670315,0,0,0.0
17.680382,4.446478843688965,4.048054218292236,4.247266530990601
17.690406,0,0,0.0
17.700403,4.445179462432861,4.011856555938721,4.228518009185791
17.710388,0,0,0.0
17.720455,4.4593586921691895,4.010815620422363,4.235087156295776
17.730479,0,0,0.0
17.740475,4.461057662963867,4.092805862426758,4.2769317626953125
17.75046,0,0,0.0
17.760527,4.446391582489014,4.118579864501953,4.282485723495483
17.770551,0,0,0.0
17.780548,4.435783863067627,4.1397504806518555,4.287767171859741
17.800599,0,4.1217570304870605,2.0608785152435303
17.810623,4.426847457885742,4.090199947357178,4.25852370262146
17.820619,0,0,0.0
17.830606,4.4103007316589355,4.092463493347168,4.251382112503052
17.840672,0,0,0.0
17.850697,4.402564525604248,4.099925518035889,4.251245021820068
17.860692,0,3.7542665004730225,1.8771332502365112
17.870678,4.402544021606445,3.9600415229797363,4.181292772293091
17.880745,4.290103435516357,3.8090455532073975,4.049574494361877
17.890769,0,0,0.0
17.900765,4.26938009262085,3.7811532020568848,4.025266647338867
17.910751,0,0,0.0
17.920817,4.283694267272949,0,2.1418471336364746
17.930841,4.364253997802734,4.018399715423584,4.191326856613159
17.940838,4.28939962387085,0,2.144699811935425
17.950823,4.359250545501709,4.046396255493164,4.2028234004974365
17.96089,0,0,0.0
17.970914,4.3852434158325195,4.05956506729126,4.22240424156189
17.98091,0,4.487597942352295,2.2437989711761475
18.010987,4.36140251159668,4.2378644943237305,4.299633502960205
18.030968,0,0,0.0
18.051059,4.345158100128174,4.1421051025390625,4.243631601333618
18.07104,4.328290939331055,4.119493007659912,4.223891973495483
18.091131,4.314429759979248,4.098448753356934,4.206439256668091
18.101127,4.342325210571289,0,2.1711626052856445
18.111113,4.321457386016846,4.097489356994629,4.209473371505737
18.121179,4.292366027832031,3.6636335849761963,3.9779998064041138
18.131204,4.3057074546813965,3.925504684448242,4.115606069564819
18.1412,4.292708396911621,0,2.1463541984558105
18.151185,4.298646926879883,4.008715629577637,4.15368127822876
18.161252,0,0,0.0
18.171277,4.305232048034668,4.0391340255737305,4.172183036804199
18.181272,0,0,0.0
18.191258,4.308872222900391,4.034069061279297,4.171470642089844
18.201325,3.535210609436035,0,1.7676053047180176
18.221345,4.010780334472656,4.010802745819092,4.010791540145874
18.23133,0,4.034882068634033,2.0174410343170166
18.241397,4.135928153991699,0,2.0679640769958496
18.251422,0,0,0.0
18.261417,0,0,0.0
18.271403,0,0,0.0
18.28147,0,0,0.0
18.30149,0,0,0.0
18.321542,0,0,0.0
18.341562,0,0,0.0
18.361615,0,0,0.0
18.381635,0,0,0.0
18.401688,4.29479455947876,0,2.14739727973938
18.411712,3.4881067276000977,0,1.7440533638000488
18.471766,3.993652820587158,0,1.996826410293579
18.531929,4.245400428771973,0,2.1227002143859863
18.55191,4.283372402191162,0,2.141686201095581
18.572001,3.446552276611328,4.027653217315674,3.737102746963501
18.591983,3.9345757961273193,4.174406051635742,4.054490923881531
18.602049,0,0,0.0
18.612074,4.147788047790527,3.3127593994140625,3.730273723602295
18.62207,4.166748046875,0,2.0833740234375
18.632055,4.224387168884277,3.8797147274017334,4.052050948143005
18.642122,4.232680797576904,0,2.116340398788452
18.652147,4.252693176269531,0,2.1263465881347656
18.662142,4.226059436798096,4.094730854034424,4.16039514541626
18.672127,4.240243434906006,4.012712478637695,4.126477956771851
18.692218,4.224870204925537,4.152621746063232,4.188745975494385
18.732292,4.265693664550781,4.05135440826416,4.158524036407471
18.812437,0,0,0.0
18.852509,4.282617568969727,0,2.1413087844848633
18.87249,0,4.157769680023193,2.0788848400115967
18.892582,4.2887492179870605,0,2.1443746089935303
18.912562,4.167466163635254,0,2.083733081817627
18.932655,4.230195045471191,4.227855205535889,4.22902512550354
18.992707,0,4.214578151702881,2.1072890758514404
19.012799,4.2647480964660645,4.171379089355469,4.218063592910767
19.03278,0,4.164834499359131,2.0824172496795654
19.052872,4.2733964920043945,0,2.1366982460021973
19.072852,0,4.166013240814209,2.0830066204071045
19.092944,4.285436153411865,0,2.1427180767059326
19.112925,4.193335056304932,0,2.096667528152466
19.133016,4.21989631652832,4.05595064163208,4.1379234790802
19.152997,4.188027381896973,0,2.0940136909484863
19.163065,4.27386999130249,3.9989311695098877,4.136400580406189
19.173089,4.219460487365723,3.841665506362915,4.030562996864319
19.183084,4.267038822174072,3.927429676055908,4.09723424911499
19.193071,0,3.8991622924804688,1.9495811462402344
19.203137,4.294873237609863,4.028651714324951,4.161762475967407
19.213161,4.270606994628906,3.947824478149414,4.10921573638916
19.223158,4.301194190979004,4.2394914627075195,4.270342826843262
19.233142,0,4.0758867263793945,2.0379433631896973
19.24321,4.324886798858643,4.239212512969971,4.282049655914307
19.253234,4.269522666931152,4.065096855163574,4.167309761047363
19.26323,4.343254566192627,4.174258708953857,4.258756637573242
19.273215,0,4.044557571411133,2.0222787857055664
19.283283,4.380865573883057,4.394967079162598,4.387916326522827
19.293307,4.300888538360596,0,2.150444269180298
19.303303,4.363638877868652,4.43907356262207,4.401356220245361
19.323354,4.296262264251709,4.154047966003418,4.2251551151275635
19.333379,4.366775035858154,4.273317813873291,4.320046424865723
19.343374,4.305790901184082,4.089624881744385,4.197707891464233
19.363427,4.379833698272705,4.218295097351074,4.29906439781189
19.373451,0,4.1057891845703125,2.0528945922851562
19.383447,4.418604850769043,4.260402202606201,4.339503526687622
19.4035,4.338649272918701,4.128332614898682,4.233490943908691
19.42352,4.404282569885254,4.076173305511475,4.240227937698364
19.483645,4.35990571975708,4.071864604949951,4.215885162353516
19.503665,4.4257612228393555,4.0959649085998535,4.2608630657196045
19.513651,4.380804538726807,4.150975227355957,4.265889883041382
19.523717,4.4431891441345215,4.134035587310791,4.288612365722656
19.533741,4.445332050323486,4.155202388763428,4.300267219543457
19.543738,4.47459077835083,4.133252143859863,4.303921461105347
19.56379,4.44668436050415,4.173835277557373,4.310259819030762
19.58381,4.476782321929932,4.116434574127197,4.2966084480285645
19.593795,4.4559326171875,4.0265069007873535,4.241219758987427
19.603862,4.48918342590332,4.074489593505859,4.28183650970459
19.613886,4.458898544311523,4.020911693572998,4.239905118942261
19.623882,4.486149787902832,4.062765598297119,4.274457693099976
19.633867,4.455634117126465,4.024433612823486,4.240033864974976
19.643935,4.458592891693115,4.039638042449951,4.249115467071533
19.653959,3.7617034912109375,4.026771068572998,3.8942372798919678
19.663955,4.197958946228027,4.0941596031188965,4.146059274673462
19.67394,4.330751419067383,4.191118240356445,4.260934829711914
19.684007,4.418539047241211,4.234072685241699,4.326305866241455
19.694032,4.382910251617432,0,2.191455125808716
19.704027,4.435333728790283,4.028703689575195,4.232018709182739
19.714014,4.364318370819092,4.1061811447143555,4.235249757766724
19.72408,4.434249401092529,4.0404462814331055,4.237347841262817
19.734104,4.390997409820557,4.1820292472839355,4.286513328552246
19.7441,4.439804553985596,4.098673343658447,4.2692389488220215
19.754085,3.739637613296509,4.1808271408081055,3.960232377052307
19.764152,4.185544490814209,4.130141258239746,4.1578428745269775
19.774177,0,4.195590496063232,2.097795248031616
19.784173,4.355271816253662,4.124791622161865,4.240031719207764
19.794157,0,4.201854705810547,2.1009273529052734
19.804225,4.4239091873168945,4.141498565673828,4.282703876495361
19.814249,0,4.224308490753174,2.112154245376587
19.824245,4.43414306640625,4.16650390625,4.300323486328125
19.834231,0,4.219921588897705,2.1099607944488525
19.844297,4.441004753112793,4.165965557098389,4.303485155105591
19.854323,0,4.240570068359375,2.1202850341796875
19.864317,4.440385341644287,4.160091400146484,4.300238370895386
19.874303,0,4.2424235343933105,2.1212117671966553
19.88437,4.436375617980957,4.163727760314941,4.300051689147949
19.894394,0,4.238568305969238,2.119284152984619
19.90439,4.429445266723633,4.0831298828125,4.256287574768066
19.914375,3.9897091388702393,4.135737895965576,4.062723517417908
19.924442,4.2701921463012695,4.132935047149658,4.201563596725464
19.934467,4.34602165222168,4.156252384185791,4.251137018203735
19.954448,4.404691219329834,4.09070348739624,4.247697353363037
19.964514,0,4.152376651763916,2.076188325881958
19.974539,4.056174278259277,0,2.0280871391296387
19.984535,0,0,0.0
19.99452,0,0,0.0
20.004587,0,0,0.0
20.014612,0,0,0.0
20.034593,0,0,0.0
20.054684,0,0,0.0
20.06468,0,0,0.0
20.074666,0,0,0.0
20.084732,0,0,0.0
20.094756,4.244292259216309,0,2.1221461296081543
20.104753,0,0,0.0
20.114738,4.308926105499268,0,2.154463052749634
20.124804,0,0,0.0
20.134829,4.363248825073242,4.3900604248046875,4.376654624938965
20.144825,4.616938591003418,0,2.308469295501709
20.15481,4.49373722076416,0,2.24686861038208
20.164877,0,0,0.0
20.174902,4.441842555999756,5.0164475440979,4.729145050048828
20.184897,0,4.332019805908203,2.1660099029541016
20.194882,0,3.855285406112671,1.9276427030563354
20.204949,4.335876941680908,3.8672895431518555,4.101583242416382
20.214974,3.753110885620117,0,1.8765554428100586
20.22497,4.110751152038574,0,2.055375576019287
20.234956,4.29752779006958,3.946951150894165,4.122239470481873
20.245022,4.344885349273682,3.9784135818481445,4.161649465560913
20.255046,4.399683952331543,4.03414249420166,4.216913223266602
20.265042,4.380542755126953,4.097729206085205,4.239135980606079
20.275028,4.41183614730835,4.077030181884766,4.244433164596558
20.285095,4.360667705535889,3.953627824783325,4.157147765159607
20.295119,4.396256923675537,5.355355739593506,4.8758063316345215
20.305115,4.371306896209717,4.531429290771484,4.451368093490601
20.3151,4.387826919555664,4.215279579162598,4.301553249359131
20.325167,4.601227283477783,0,2.3006136417388916
20.335192,4.452494144439697,4.421735763549805,4.437114953994751
20.345187,4.472787380218506,4.254405498504639,4.363596439361572
20.355173,4.3725738525390625,4.561498165130615,4.467036008834839
20.36524,4.435229301452637,0,2.2176146507263184
20.375264,4.321328163146973,0,2.1606640815734863
20.385259,4.368366241455078,4.281453609466553,4.324909925460815
20.395245,4.252676010131836,4.495151519775391,4.373913764953613
20.405313,4.349069595336914,4.256261348724365,4.30266547203064
20.425332,4.09781551361084,0,2.04890775680542
20.435318,0,5.237013339996338,2.618506669998169
20.445385,3.778507709503174,0,1.889253854751587
20.455409,3.668870210647583,0,1.8344351053237915
20.465405,3.6127233505249023,4.5287065505981445,4.070714950561523
20.47539,0,4.016487121582031,2.0082435607910156
20.485457,3.6335794925689697,3.872490167617798,3.753034830093384
20.495481,0,3.751580238342285,1.8757901191711426
20.505478,3.598200559616089,3.8500747680664062,3.7241376638412476
20.515462,0,3.735496997833252,1.867748498916626
20.52553,3.5692684650421143,3.822406768798828,3.695837616920471
20.535554,0,3.6908366680145264,1.8454183340072632
20.545549,3.549675941467285,3.7779667377471924,3.6638213396072388
20.555536,3.5923733711242676,0,1.7961866855621338
20.565602,3.533364772796631,3.7671492099761963,3.6502569913864136
20.575626,3.483747720718384,3.5966796875,3.540213704109192
20.585623,3.494061231613159,3.6539480686187744,3.574004650115967
20.595607,0,0,0.0
20.605674,3.484470844268799,3.7263636589050293,3.605417251586914
20.615699,0,3.5993223190307617,1.7996611595153809
20.625695,3.480182647705078,3.5798282623291016,3.53000545501709
20.63568,3.39013671875,0,1.695068359375
20.645748,3.3929615020751953,3.4649500846862793,3.4289557933807373
20.655772,3.3630666732788086,3.3847014904022217,3.373884081840515
20.665767,3.367539405822754,3.3961875438690186,3.3818634748458862
20.675753,0,3.4123952388763428,1.7061976194381714
20.68582,3.361032724380493,0,1.6805163621902466
20.695844,0,3.402359962463379,1.7011799812316895
20.705839,3.3407557010650635,3.4170548915863037,3.3789052963256836
20.715826,3.1789562702178955,3.3888425827026367,3.283899426460266
20.725892,3.247114419937134,0,1.623557209968567
20.735917,3.155266046524048,3.363600254058838,3.259433150291443
20.745912,3.239971399307251,0,1.6199856996536255
20.755897,0,0,0.0
20.765965,3.255793571472168,0,1.627896785736084
20.775989,0,3.332490921020508,1.666245460510254
20.785985,3.2446322441101074,0,1.6223161220550537
20.79597,3.152160882949829,0,1.5760804414749146
20.806037,3.190106153488159,0,1.5950530767440796
20.816062,0,3.2868926525115967,1.6434463262557983
20.826056,3.1914196014404297,0,1.5957098007202148
20.836043,0,0,0.0
20.84611,3.1793344020843506,0,1.5896672010421753
20.856134,0,3.236962080001831,1.6184810400009155
20.866129,3.159536838531494,3.2307801246643066,3.1951584815979004
20.876116,0,3.2212586402893066,1.6106293201446533
20.896207,3.153266429901123,3.2246930599212646,3.188979744911194
20.906203,3.063753843307495,3.196181535720825,3.12996768951416
20.916188,3.118769884109497,3.1860225200653076,3.1523962020874023
20.926255,0,3.191406726837158,1.595703363418579
20.936279,3.118495225906372,3.1823179721832275,3.1504065990448
20.946275,3.0744354724884033,3.2097525596618652,3.1420940160751343
20.95626,3.121114492416382,3.190758228302002,3.155936360359192
20.976351,3.0739572048187256,0,1.5369786024093628
20.986348,3.1135499477386475,3.1223344802856445,3.117942214012146
20.996334,0,3.1976382732391357,1.5988191366195679
21.0064,3.129253387451172,3.1315131187438965,3.130383253097534
21.016425,0,0,0.0
21.02642,0,3.1033966541290283,1.5516983270645142
21.036405,0,0,0.0
21.056497,0,3.089717388153076,1.544858694076538
21.076478,0,0,0.0
21.096569,0,3.085458517074585,1.5427292585372925
21.116551,0,0,0.0
21.136641,0,2.9993886947631836,1.4996943473815918
21.156623,3.064929485321045,0,1.5324647426605225
21.16669,0,3.010246753692627,1.5051233768463135
21.176714,0,0,0.0
21.18671,0,3.0119333267211914,1.5059666633605957
21.196696,0,0,0.0
21.206762,0,2.9934353828430176,1.4967176914215088
21.216786,0,0,0.0
21.226782,3.09232759475708,3.0664892196655273,3.0794084072113037
21.236768,0,3.2157721519470215,1.6078860759735107
21.256858,0,0,0.0
21.266855,0,0,0.0
21.27684,0,0,0.0
21.296931,0,0,0.0
21.316913,0,0,0.0
21.337004,0,0,0.0
21.356986,0,0,0.0
21.367052,0,0,0.0
21.377077,0,0,0.0
21.387072,0,3.0951316356658936,1.5475658178329468
21.397058,0,0,0.0
21.407124,0,0,0.0
21.417149,0,0,0.0
21.427145,0,4.977626323699951,2.4888131618499756
21.43713,0,0,0.0
21.457221,0,0,0.0
21.477203,0,0,0.0
21.497294,0,0,0.0
21.517276,0,0,0.0
21.527342,0,0,0.0
21.537366,0,0,0.0
21.547363,0,0,0.0
21.557348,0,0,0.0
21.577439,0,0,0.0
21.587435,0,0,0.0
21.59742,0,0,0.0
21.607487,0,0,0.0
21.617512,0,0,0.0
21.627507,2.9613144397735596,0,1.4806572198867798
21.637493,0,0,0.0
21.647559,2.975667953491211,0,1.4878339767456055
21.657584,0,0,0.0
21.66758,0,0,0.0
21.677565,0,0,0.0
21.687632,0,0,0.0
21.697656,0,3.7473366260528564,1.8736683130264282
21.707652,0,0,0.0
21.727704,0,3.320452928543091,1.6602264642715454
21.737729,0,0,0.0
21.75771,0,0,0.0
21.777801,2.9600625038146973,0,1.4800312519073486
21.787797,0,3.163550615310669,1.5817753076553345
21.807849,3.060791015625,0,1.5303955078125
21.817875,0,0,0.0
21.82787,3.1039984226226807,0,1.5519992113113403
21.847922,0,0,0.0
21.867943,3.1270627975463867,0,1.5635313987731934
21.887995,0,0,0.0
21.908015,0,0,0.0
21.928067,0,0,0.0
21.938092,3.431867837905884,0,1.715933918952942
21.948087,0,0,0.0
21.958072,0,0,0.0
21.968139,0,0,0.0
21.98816,0,0,0.0
22.008212,0,0,0.0
22.028232,0,0,0.0
22.038218,0,0,0.0
22.228595,0,0,0.0
22.318725,0,0,0.0
22.348813,0,0,0.0
22.388884,0,0,0.0
22.39887,0,0,0.0
22.46903,0,0,0.0
22.489083,0,0,0.0
22.599233,0,3.110417366027832,1.555208683013916
22.6093,0,0,0.0
22.62932,0,0,0.0
22.659397,0,0,0.0
22.709465,0,0,0.0
22.71945,3.276951789855957,0,1.6384758949279785
22.739542,0,0,0.0
22.76959,0,0,0.0
22.78961,0,0,0.0
23.11019,0,0,0.0
23.140267,0,0,0.0
23.170314,3.2858448028564453,0,1.6429224014282227
23.180339,0,0,0.0
23.220411,3.2607226371765137,0,1.6303613185882568
23.230407,0,0,0.0
23.260484,0,0,0.0
23.300556,0,0,0.0
23.320538,3.2659106254577637,0,1.6329553127288818
23.330604,0,0,0.0
23.340629,0,0,0.0
23.350625,0,0,0.0
23.380702,0,0,0.0
23.390697,0,3.2246456146240234,1.6123228073120117
23.420774,0,0,0.0
23.43077,0,0,0.0
23.460847,0,0,0.0
23.470842,0,0,0.0
23.500919,0,0,0.0
23.510915,0,0,0.0
23.540991,0,0,0.0
23.550987,0,3.2011919021606445,1.6005959510803223
23.59106,0,0,0.0
23.651185,0,3.3096680641174316,1.6548340320587158
23.671205,0,0,0.0
23.711277,0,0,0.0
23.73133,3.307337522506714,0,1.653668761253357
23.751349,0,0,0.0
23.811475,3.2999868392944336,0,1.6499934196472168
23.831495,0,0,0.0
23.861572,0,0,0.0
23.901644,0,0,0.0
23.931692,3.281067132949829,0,1.6405335664749146
23.951713,0,0,0.0
23.991785,0,0,0.0
24.031858,0,0,0.0
24.07193,3.2838847637176514,0,1.6419423818588257
24.091982,0,0,0.0
24.132055,0,0,0.0
24.152076,0,0,0.0
24.23222,3.278022527694702,0,1.639011263847351
24.252272,0,0,0.0
24.272292,0,0,0.0
24.312365,0,0,0.0
24.352437,3.2764406204223633,0,1.6382203102111816
24.432583,0,0,0.0
24.512728,3.275999069213867,0,1.6379995346069336
24.632944,0,0,0.0
24.652998,3.279735803604126,0,1.639867901802063
24.773214,0,0,0.0
24.87338,0,0,0.0
24.893432,0,0,0.0
24.913452,3.2800564765930176,0,1.6400282382965088
24.993597,0,0,0.0
25.003583,0,0,0.0
25.013649,0,0,0.0
25.03367,3.2789387702941895,0,1.6394693851470947
25.053722,0,0,0.0
25.133866,0,0,0.0
25.153887,0,0,0.0
25.193959,0,0,0.0
25.234032,0,0,0.0
25.264109,0,0,0.0
25.28409,0,0,0.0
25.294158,3.3063597679138184,0,1.6531798839569092
25.304182,0,0,0.0
25.324162,3.3197314739227295,0,1.6598657369613647
25.334229,0,0,0.0
25.344254,3.3250818252563477,0,1.6625409126281738
25.35425,0,0,0.0
25.384327,3.3255984783172607,0,1.6627992391586304
25.394322,0,0,0.0
25.454448,3.330310821533203,0,1.6651554107666016
25.474467,0,0,0.0
25.494519,0,0,0.0
25.51454,0,0,0.0
25.594685,3.3270206451416016,0,1.6635103225708008
25.654809,0,0,0.0
25.67483,0,0,0.0
25.714901,0,0,0.0
25.785051,3.3169853687286377,0,1.6584926843643188
25.8151,0,0,0.0
25.825124,3.301974296569824,0,1.650987148284912
25.915265,0,0,0.0
26.055534,3.2950081825256348,0,1.6475040912628174
26.065559,0,0,0.0
26.075554,3.2890419960021973,0,1.6445209980010986
26.085541,0,0,0.0
26.165685,3.28654408454895,0,1.643272042274475
26.295969,0,0,0.0
26.325974,0,0,0.0
26.356062,0,0,0.0
26.396134,0,0,0.0
26.436207,0,0,0.0
26.45626,3.2849748134613037,0,1.6424874067306519
26.47628,0,0,0.0
26.506356,3.28326416015625,0,1.641632080078125
26.516352,0,0,0.0
26.526338,0,0,0.0
26.56641,0,0,0.0
26.576477,3.276087999343872,0,1.638043999671936
26.596497,0,0,0.0
26.626574,3.2537949085235596,0,1.6268974542617798
26.63657,0,0,0.0
26.666646,3.2380282878875732,0,1.6190141439437866
26.696695,0,0,0.0
26.716714,0,0,0.0
26.756787,0,0,0.0
26.766773,0,0,0.0
26.836932,0,0,0.0
26.88699,0,0,0.0
26.897057,0,0,0.0
26.907082,0,0,0.0
26.93713,0,0,0.0
26.947154,3.2408909797668457,0,1.6204454898834229
26.957149,0,0,0.0
26.967136,3.226292848587036,0,1.613146424293518
26.987227,0,0,0.0
26.997223,0,0,0.0
27.007208,0,0,0.0
27.017275,3.2210707664489746,0,1.6105353832244873
27.027299,0,0,0.0
27.04728,0,0,0.0
27.057348,0,0,0.0
27.067372,3.2191274166107178,0,1.6095637083053589
27.077367,0,0,0.0
27.087353,0,0,0.0
27.097419,0,0,0.0
27.217637,3.234569787979126,0,1.617284893989563
27.227661,0,0,0.0
27.237656,0,0,0.0
27.387951,0,0,0.0
27.397947,0,0,0.0
27.418,0,0,0.0
27.428024,0,0,0.0
27.43802,0,0,0.0
27.468096,3.2511463165283203,0,1.6255731582641602
27.478092,0,0,0.0
27.498144,0,0,0.0
27.518165,0,0,0.0
27.538217,3.2521815299987793,0,1.6260907649993896
27.558238,0,0,0.0
27.568223,3.2528398036956787,0,1.6264199018478394
27.588315,0,0,0.0
27.598309,3.2453255653381348,0,1.6226627826690674
27.608295,0,0,0.0
27.628387,0,0,0.0
27.638383,0,0,0.0
27.668459,3.2444465160369873,0,1.6222232580184937
27.68844,0,0,0.0
27.708532,3.2442357540130615,0,1.6221178770065308
27.748604,0,0,0.0
27.788677,3.25124192237854,0,1.62562096118927
27.828749,0,0,0.0
27.888803,0,0,0.0
27.898869,0,0,0.0
27.908894,3.2601583003997803,0,1.6300791501998901
27.91889,0,0,0.0
27.948966,0,0,0.0
27.958962,0,0,0.0
27.989039,3.2557296752929688,0,1.6278648376464844
28.049092,0,0,0.0
28.059159,0,0,0.0
28.069184,0,0,0.0
28.07918,3.2440876960754395,0,1.6220438480377197
28.109257,0,0,0.0
28.139304,3.2424728870391846,0,1.6212364435195923
28.149328,0,0,0.0
28.159325,3.247532606124878,0,1.623766303062439
28.189402,0,0,0.0
28.199398,3.249377965927124,0,1.624688982963562
28.229474,0,0,0.0
28.23947,3.2298760414123535,0,1.6149380207061768
28.269546,0,0,0.0
28.279542,3.2244110107421875,0,1.6122055053710938
28.309619,0,0,0.0
28.319615,3.223461627960205,0,1.6117308139801025
28.349691,0,0,0.0
28.359687,3.223747491836548,0,1.611873745918274
28.389764,0,0,0.0
28.39976,3.223569869995117,0,1.6117849349975586
28.429837,0,0,0.0
28.439832,3.2377541065216064,0,1.6188770532608032
28.46991,0,0,0.0
28.479905,0,0,0.0
28.48989,0,0,0.0
28.499957,0,0,0.0
28.509981,0,0,0.0
28.519977,0,0,0.0
28.54003,0,0,0.0
28.550054,0,0,0.0
28.56005,0,0,0.0
28.580102,3.2147345542907715,0,1.6073672771453857
28.590127,0,3.2681784629821777,1.6340892314910889
28.600122,3.2395224571228027,0,1.6197612285614014
28.620174,0,3.305939197540283,1.6529695987701416
28.630199,0,0,0.0
28.640195,0,3.20389986038208,1.60194993019104
28.660247,0,0,0.0
28.670272,0,3.2556684017181396,1.6278342008590698
28.680267,3.1981911659240723,0,1.5990955829620361
28.70032,0,0,0.0
28.710344,0,0,0.0
28.72034,0,3.4573352336883545,1.7286676168441772
28.740392,3.1600544452667236,0,1.5800272226333618
28.750416,0,0,0.0
28.760412,0,0,0.0
28.770397,0,0,0.0
28.780465,0,0,0.0
28.790489,0,0,0.0
28.800484,0,0,0.0
28.810471,0,3.544161081314087,1.7720805406570435
28.820538,0,0,0.0
28.830561,0,0,0.0
28.840557,3.23195743560791,0,1.615978717803955
28.86061,0,0,0.0
28.88063,3.230553150177002,0,1.615276575088501
28.900682,0,0,0.0
28.910707,3.2477450370788574,0,1.6238725185394287
28.920702,0,0,0.0
28.930687,3.260672092437744,0,1.630336046218872
28.940754,0,3.477813959121704,1.738906979560852
28.950779,0,0,0.0
28.960775,0,0,0.0
28.970761,3.2785065174102783,0,1.6392532587051392
28.980827,0,0,0.0
28.990851,3.3150973320007324,0,1.6575486660003662
29.000847,0,0,0.0
29.0209,3.3304052352905273,0,1.6652026176452637
29.030924,0,3.355431079864502,1.677715539932251
29.04092,0,0,0.0
29.060972,0,3.1855580806732178,1.5927790403366089
29.070997,3.3395276069641113,0,1.6697638034820557
29.080992,0,0,0.0
29.090978,3.3364875316619873,0,1.6682437658309937
29.101044,0,0,0.0
29.111069,0,0,0.0
29.121065,0,0,0.0
29.13105,3.273070812225342,0,1.636535406112671
29.141117,0,3.0577919483184814,1.5288959741592407
29.151142,3.2453596591949463,0,1.6226798295974731
29.161137,0,0,0.0
29.171123,0,0,0.0
29.181189,0,0,0.0
29.191213,3.168837547302246,0,1.584418773651123
29.20121,0,0,0.0
29.211195,0,0,0.0
29.221262,0,0,0.0
29.231287,3.173232316970825,0,1.5866161584854126
29.241282,0,0,0.0
29.251268,3.161473512649536,0,1.580736756324768
29.261335,0,0,0.0
29.271359,3.172776699066162,0,1.586388349533081
29.281355,0,0,0.0
29.29134,0,0,0.0
29.301407,0,0,0.0
29.311432,3.173065423965454,0,1.586532711982727
29.321427,0,0,0.0
29.331413,0,0,0.0
29.341479,0,0,0.0
29.351504,3.157715082168579,0,1.5788575410842896
29.3615,0,0,0.0
29.371486,3.1242008209228516,0,1.5621004104614258
29.381552,0,0,0.0
29.391576,3.104858875274658,0,1.552429437637329
29.401572,0,0,0.0
29.411558,3.101532459259033,0,1.5507662296295166
29.421625,0,0,0.0
29.431649,3.0924792289733887,0,1.5462396144866943
29.441645,0,0,0.0
29.451631,0,0,0.0
29.461697,0,0,0.0
29.471722,0,0,0.0
29.481717,0,0,0.0
29.491702,0,0,0.0
29.50177,0,0,0.0
29.511794,3.0812885761260986,0,1.5406442880630493
29.52179,0,0,0.0
29.531776,3.0831449031829834,0,1.5415724515914917
29.541842,0,0,0.0
29.551866,0,0,0.0
29.561862,0,0,0.0
29.571847,3.0927014350891113,0,1.5463507175445557
29.581915,0,0,0.0
29.591938,0,0,0.0
29.601935,0,0,0.0
29.611921,0,0,0.0
29.621987,0,0,0.0
29.632012,0,0,0.0
29.642008,0,0,0.0
29.651993,3.082980155944824,0,1.541490077972412
29.66206,0,0,0.0
29.672084,0,0,0.0
29.68208,0,0,0.0
29.692065,3.1174206733703613,0,1.5587103366851807
29.702132,0,0,0.0
29.712157,3.109811544418335,0,1.5549057722091675
29.722152,0,0,0.0
29.732137,0,0,0.0
29.742205,0,0,0.0
29.752229,0,0,0.0
29.762225,0,0,0.0
29.77221,0,0,0.0
29.782277,0,0,0.0
29.792301,3.08001446723938,0,1.54000723361969
29.802297,0,0,0.0
29.812283,0,0,0.0
29.82235,0,0,0.0
29.832374,3.0669312477111816,0,1.5334656238555908
29.84237,0,0,0.0
29.852355,0,0,0.0
29.862422,0,0,0.0
29.872446,0,0,0.0
29.882443,0,0,0.0
29.892428,0,0,0.0
29.902494,0,0,0.0
29.912519,3.149224042892456,0,1.574612021446228
29.922515,0,0,0.0
29.9325,0,0,0.0
29.942567,0,0,0.0
29.952591,0,0,0.0
29.962587,0,0,0.0
29.972573,3.1812503337860107,0,1.5906251668930054
29.98264,0,0,0.0
29.992665,0,0,0.0
30.002659,0,0,0.0
30.012645,0,0,0.0
30.022712,0,0,0.0
30.032736,3.1889500617980957,0,1.5944750308990479
30.042732,0,0,0.0
30.052718,0,0,0.0
30.062784,0,3.297539472579956,1.648769736289978
30.072809,0,0,0.0
30.082805,0,3.318883180618286,1.659441590309143
30.09279,0,0,0.0
30.102857,0,0,0.0
30.112882,0,0,0.0
30.122877,0,0,0.0
30.132863,0,0,0.0
30.14293,0,0,0.0
30.152953,0,0,0.0
30.16295,0,0,0.0
30.172935,0,0,0.0
30.183002,0,0,0.0
30.193027,0,0,0.0
30.203022,0,0,0.0
30.213008,0,0,0.0
30.223075,0,0,0.0
30.233099,0,0,0.0
30.243095,0,0,0.0
30.263147,3.2534167766571045,0,1.6267083883285522
30.273171,0,0,0.0
30.283167,3.5539557933807373,0,1.7769778966903687
30.293153,0,0,0.0
30.303219,3.458759069442749,0,1.7293795347213745
30.313244,0,0,0.0
30.32324,3.7782485485076904,0,1.8891242742538452
30.333225,0,0,0.0
30.343292,3.7703940868377686,0,1.8851970434188843
30.353316,0,0,0.0
30.363312,3.7833142280578613,0,1.8916571140289307
30.373297,0,0,0.0
30.383365,0,0,0.0
30.39339,0,0,0.0
30.403385,3.453644275665283,0,1.7268221378326416
30.413371,0,0,0.0
30.423436,3.3077681064605713,0,1.6538840532302856
30.433461,0,0,0.0
30.443457,3.2420170307159424,0,1.6210085153579712
30.453443,0,0,0.0
30.46351,3.20788836479187,0,1.603944182395935
30.473534,0,0,0.0
30.48353,0,0,0.0
30.503582,0,0,0.0
30.513606,0,0,0.0
30.523602,0,0,0.0
30.543655,3.3244714736938477,0,1.6622357368469238
30.553679,0,0,0.0
30.563675,3.364284038543701,0,1.6821420192718506
30.57366,0,0,0.0
30.583727,3.3832008838653564,0,1.6916004419326782
30.593751,0,0,0.0
30.603747,3.4026803970336914,0,1.7013401985168457
30.6238,0,0,0.0
30.633824,3.415961503982544,0,1.707980751991272
30.64382,0,0,0.0
30.653806,3.4299519062042236,0,1.7149759531021118
30.663872,0,0,0.0
30.673896,3.447279214859009,0,1.7236396074295044
30.683892,0,0,0.0
30.703944,3.4707348346710205,0,1.7353674173355103
30.713968,0,0,0.0
30.723965,0,0,0.0
30.73395,0,0,0.0
30.744017,0,0,0.0
30.754042,0,0,0.0
30.764037,0,0,0.0
30.784089,0,3.348583936691284,1.674291968345642
30.80411,0,0,0.0
30.814095,0,0,0.0
30.824162,3.588139533996582,0,1.794069766998291
30.834187,0,0,0.0
30.844183,3.63698148727417,0,1.818490743637085
30.854167,0,0,0.0
30.864235,3.6081790924072266,0,1.8040895462036133
30.87426,0,0,0.0
30.884254,0,0,0.0
30.89424,0,0,0.0
30.904306,3.607830047607422,0,1.803915023803711
30.914331,0,0,0.0
30.924327,0,0,0.0
30.934312,0,0,0.0
30.944379,3.6754441261291504,0,1.8377220630645752
30.954404,0,0,0.0
30.9644,0,0,0.0
30.974385,0,0,0.0
30.984452,0,0,0.0
30.994476,0,0,0.0
31.004472,0,0,0.0
31.014458,0,0,0.0
31.024524,0,0,0.0
31.034549,0,0,0.0
31.044544,3.7723138332366943,0,1.8861569166183472
31.05453,0,3.5230259895324707,1.7615129947662354
31.064597,3.8753373622894287,0,1.9376686811447144
31.074621,0,3.4360320568084717,1.7180160284042358
31.084617,3.8189611434936523,0,1.9094805717468262
31.094603,0,0,0.0
31.10467,3.8160629272460938,0,1.9080314636230469
31.114694,0,3.735879898071289,1.8679399490356445
31.124689,3.8025524616241455,0,1.9012762308120728
31.134675,0,0,0.0
31.144742,3.796536445617676,0,1.898268222808838
31.154766,0,0,0.0
31.164762,3.792066812515259,0,1.8960334062576294
31.224887,0,0,0.0
31.234911,3.788621425628662,0,1.894310712814331
31.244907,0,0,0.0
31.254892,3.780658721923828,0,1.890329360961914
31.26496,0,0,0.0
31.274984,3.780862331390381,0,1.8904311656951904
31.28498,0,0,0.0
31.294965,3.7751026153564453,0,1.8875513076782227
31.305032,0,0,0.0
31.315057,3.7718312740325928,0,1.8859156370162964
31.325053,0,0,0.0
31.345105,3.7621078491210938,0,1.8810539245605469
31.365125,0,0,0.0
31.37511,3.8585147857666016,0,1.9292573928833008
31.385177,0,3.4254443645477295,1.7127221822738647
31.395202,3.8081932067871094,0,1.9040966033935547
31.405197,0,3.858337163925171,1.9291685819625854
31.415183,3.827728033065796,0,1.913864016532898
31.42525,0,0,0.0
31.435273,3.851652145385742,0,1.925826072692871
31.44527,0,0,0.0
31.455256,3.852550745010376,0,1.926275372505188
31.465322,0,0,0.0
31.475347,3.819328546524048,0,1.909664273262024
31.485342,0,0,0.0
31.495328,3.7990224361419678,0,1.8995112180709839
31.505395,0,3.387403726577759,1.6937018632888794
31.515419,3.762335777282715,0,1.8811678886413574
31.525415,0,0,0.0
31.5354,3.728522539138794,0,1.864261269569397
31.545467,0,3.2130239009857178,1.6065119504928589
31.555492,3.700899839401245,0,1.8504499197006226
31.565488,0,0,0.0
31.575473,3.6988935470581055,0,1.8494467735290527
31.585539,3.263697385787964,0,1.631848692893982
31.595565,3.5115928649902344,0,1.7557964324951172
31.60556,3.8531861305236816,0,1.9265930652618408
31.615545,3.673434257507324,0,1.836717128753662
31.625612,0,0,0.0
31.635637,4.931596279144287,0,2.4657981395721436
31.645632,3.912510871887207,0,1.9562554359436035
31.655618,3.746136426925659,0,1.8730682134628296
31.665684,3.762437582015991,0,1.8812187910079956
31.675709,3.617814302444458,0,1.808907151222229
31.685705,0,0,0.0
31.705757,3.569330930709839,0,1.7846654653549194
31.725777,3.609951972961426,0,1.804975986480713
31.735763,3.547614812850952,0,1.773807406425476
31.745829,3.7109100818634033,0,1.8554550409317017
31.755854,3.5925934314727783,0,1.7962967157363892
31.76585,3.6182520389556885,0,1.8091260194778442
31.775835,3.5376970767974854,0,1.7688485383987427
31.785902,3.5605061054229736,0,1.7802530527114868
31.795926,3.5570878982543945,0,1.7785439491271973
31.805922,3.569852828979492,0,1.784926414489746
31.815908,3.5579421520233154,0,1.7789710760116577
31.825975,3.5678141117095947,0,1.7839070558547974
31.835999,3.549575090408325,0,1.7747875452041626
31.845994,3.5977582931518555,0,1.7988791465759277
31.85598,3.5745487213134766,0,1.7872743606567383
31.866047,3.599925994873047,0,1.7999629974365234
31.876071,3.583787441253662,0,1.791893720626831
31.886067,3.614644765853882,0,1.807322382926941
31.896054,3.5985991954803467,0,1.7992995977401733
31.90612,3.553750514984131,0,1.7768752574920654
31.916144,3.534634590148926,0,1.767317295074463
31.92614,0,0,0.0
31.936126,3.582505941390991,0,1.7912529706954956
31.946192,3.6158933639526367,0,1.8079466819763184
31.956216,3.663033962249756,0,1.831516981124878
31.966213,3.6610267162323,0,1.83051335811615
31.976198,3.6316065788269043,0,1.8158032894134521
31.986265,3.5885350704193115,0,1.7942675352096558
31.996289,3.5819945335388184,0,1.7909972667694092
32.006284,3.6355679035186768,0,1.8177839517593384
32.01627,3.668645143508911,0,1.8343225717544556
32.026336,3.6411025524139404,0,1.8205512762069702
32.036362,3.6268746852874756,0,1.8134373426437378
32.046357,3.6195337772369385,0,1.8097668886184692
32.056343,3.6085355281829834,0,1.8042677640914917
32.066409,3.5948646068573,0,1.79743230342865
32.076434,3.6009232997894287,0,1.8004616498947144
32.08643,3.589627981185913,0,1.7948139905929565
32.096415,3.5692951679229736,0,1.7846475839614868
32.106482,3.609978437423706,0,1.804989218711853
32.116506,4.952263355255127,0,2.4761316776275635
32.126502,0,0,0.0
32.136488,0,0,0.0
32.146555,4.272061824798584,0,2.136030912399292
32.166574,0,0,0.0
32.186627,4.046196937561035,0,2.0230984687805176
32.467135,0,0,0.0
32.487155,4.019320964813232,0,2.009660482406616
32.527227,0,0,0.0
32.5673,4.0174880027771,0,2.00874400138855
32.587352,0,0,0.0
32.607373,4.036036968231201,0,2.0180184841156006
32.627424,4.044788360595703,0,2.0223941802978516
32.647444,4.010844707489014,0,2.005422353744507
32.667496,3.9782838821411133,0,1.9891419410705566
32.687518,4.022809982299805,0,2.0114049911499023
32.72759,3.983767509460449,0,1.9918837547302246
32.787714,4.024130344390869,0,2.0120651721954346
32.797739,3.978915214538574,0,1.989457607269287
32.807735,4.050727367401123,0,2.0253636837005615
32.847807,4.003927230834961,0,2.0019636154174805
32.867859,4.127974987030029,0,2.0639874935150146
32.88788,3.968195676803589,0,1.9840978384017944
32.907932,0,0,0.0
32.948004,4.0833258628845215,0,2.0416629314422607
32.988077,4.230449676513672,3.602668046951294,3.916558861732483
33.068222,4.186564922332764,3.786918878555298,3.9867419004440308
33.088242,4.241305828094482,3.754523992538452,3.9979149103164673
33.108294,4.18117618560791,3.8853743076324463,4.033275246620178
33.128315,0,3.790797233581543,1.8953986167907715
33.148367,4.120912551879883,3.1531474590301514,3.637030005455017
33.168388,0,0,0.0
33.18844,4.068687438964844,2.8179712295532227,3.443329334259033
33.20846,0,0,0.0
33.228513,4.081927299499512,2.7495768070220947,3.4157520532608032
33.248533,0,0,0.0
33.268584,4.089866638183594,2.7413177490234375,3.4155921936035156
33.288605,0,0,0.0
33.348729,4.010226726531982,2.761603355407715,3.3859150409698486
33.368749,0,0,0.0
33.388802,3.9806063175201416,0,1.9903031587600708
33.408822,0,0,0.0
33.448895,4.152771949768066,0,2.076385974884033
33.468946,4.552316188812256,0,2.276158094406128
33.488968,0,0,0.0
33.509019,0,0,0.0
33.52904,0,0,0.0
33.549092,0,0,0.0
33.569112,0,0,0.0
33.589165,0,3.7214810848236084,1.8607405424118042
33.609185,0,0,0.0
33.629237,0,0,0.0
33.649258,0,0,0.0
33.669309,0,0,0.0
33.689329,0,0,0.0
33.709381,3.5396018028259277,0,1.7698009014129639
33.729402,0,0,0.0
33.749454,0,3.8653311729431152,1.9326655864715576
33.769474,0,0,0.0
33.929765,4.089334487915039,3.9250524044036865,4.007193446159363
33.949817,0,0,0.0
33.969836,4.318892478942871,3.9301223754882812,4.124507427215576
33.98989,4.281618118286133,0,2.1408090591430664
34.009909,4.409063816070557,3.863422155380249,4.136242985725403
34.029962,4.224217414855957,0,2.1121087074279785
34.049982,0,3.839337110519409,1.9196685552597046
34.070035,4.193836212158203,0,2.0969181060791016
34.090055,0,3.8420050144195557,1.9210025072097778
34.110107,4.187351703643799,0,2.0936758518218994
34.130128,0,3.843329906463623,1.9216649532318115
34.1702,0,0,0.0
34.190252,0,3.830474376678467,1.9152371883392334
34.210272,0,0,0.0
34.230324,0,0,0.0
34.290416,0,0,0.0
34.310469,0,3.8640594482421875,1.9320297241210938
34.330489,0,0,0.0
34.350543,0,0,0.0
34.370562,0,0,0.0
34.390614,0,0,0.0
34.410635,0,0,0.0
34.450708,0,0,0.0
34.590977,0,0,0.0
34.610997,4.241546630859375,0,2.1207733154296875
34.631049,0,0,0.0
34.65107,0,0,0.0
34.671122,0,0,0.0
34.691142,4.071927070617676,0,2.035963535308838
34.711195,0,0,0.0
34.81136,4.137577056884766,0,2.068788528442383
34.871484,0,0,0.0
34.931577,4.038445949554443,0,2.0192229747772217
34.941563,0,0,0.0
34.971649,4.087924957275391,0,2.0439624786376953
34.991702,0,0,0.0
35.192064,4.01309061050415,0,2.006545305252075
35.212085,0,0,0.0
35.22207,0,0,0.0
35.312283,0,0,0.0
35.372374,0,0,0.0
35.402452,0,0,0.0
35.412447,4.093140602111816,0,2.046570301055908
35.432499,0,0,0.0
35.45252,4.1301655769348145,0,2.0650827884674072
35.532665,0,0,0.0
35.652881,4.216089725494385,0,2.1080448627471924
35.713007,0,0,0.0
35.7731,4.24884033203125,3.809908151626587,4.0293742418289185
35.833225,0,0,0.0
35.853245,4.264021396636963,0,2.1320106983184814
35.893317,0,0,0.0
35.91337,4.282365322113037,3.7997515201568604,4.041058421134949
35.93339,0,0,0.0
35.973463,4.1243720054626465,0,2.0621860027313232
35.993514,0,0,0.0
36.013535,4.079925537109375,3.447383403778076,3.7636544704437256
36.033587,0,0,0.0
36.344101,4.057988166809082,3.3135251998901367,3.6857566833496094
36.384173,0,3.2473340034484863,1.6236670017242432
36.454332,4.1470746994018555,3.797903060913086,3.9724888801574707
36.514457,4.375030040740967,4.005843639373779,4.190436840057373
36.574549,4.3441972732543945,4.28058385848999,4.312390565872192
36.584536,4.461738109588623,4.20810604095459,4.3349220752716064
36.614623,0,4.264554500579834,2.132277250289917
36.6447,4.50618839263916,4.398732662200928,4.452460527420044
36.654695,4.7200927734375,4.291637897491455,4.5058653354644775
36.664681,4.615504264831543,3.6918537616729736,4.153679013252258
36.694768,4.713437557220459,4.027813911437988,4.370625734329224
36.764916,4.607631206512451,3.6377458572387695,4.12268853187561
36.774912,4.874526500701904,0,2.437263250350952
36.835037,4.688840866088867,4.044293403625488,4.366567134857178
36.89513,4.9290008544921875,3.9372994899749756,4.4331501722335815
36.935202,4.72050666809082,3.5979363918304443,4.159221529960632
36.995327,0,0,0.0
37.035399,4.127060890197754,0,2.063530445098877
37.175637,0,3.888946294784546,1.944473147392273
37.265767,4.38778018951416,4.136532306671143,4.262156248092651
37.345911,0,0,0.0
37.366004,4.393131256103516,3.707359552383423,4.050245404243469
37.426057,0,3.9079666137695312,1.9539833068847656
37.446148,4.400923728942871,4.075634002685547,4.238278865814209
37.46613,0,0,0.0
37.486221,4.414078712463379,4.083590507507324,4.248834609985352
37.53629,0,0,0.0
37.556342,3.883699893951416,3.90962553024292,3.896662712097168
37.576363,0,0,0.0
37.596414,0,0,0.0
37.606439,0,0,0.0
37.616435,0,0,0.0
37.62642,0,0,0.0
37.636487,4.467922687530518,0,2.233961343765259
37.646511,0,0,0.0
37.656507,4.529480934143066,4.164113998413086,4.346797466278076
37.666492,0,3.8392832279205322,1.9196416139602661
37.676559,4.574038028717041,0,2.2870190143585205
37.686583,0,4.707428932189941,2.3537144660949707
37.696579,4.518167495727539,0,2.2590837478637695
37.706564,0,0,0.0
37.716632,4.46409273147583,0,2.232046365737915
37.726656,0,0,0.0
37.736652,4.421165943145752,4.32223653793335,4.371701240539551
37.746638,0,4.191285610198975,2.0956428050994873
37.756705,0,4.089362621307373,2.0446813106536865
37.766728,0,4.152471542358398,2.076235771179199
37.776725,0,4.222182750701904,2.111091375350952
37.78671,0,4.273220539093018,2.136610269546509
37.796777,4.481985092163086,4.290160655975342,4.386072874069214
37.806801,0,4.300043106079102,2.150021553039551
37.816797,0,4.250097274780273,2.1250486373901367
37.826783,0,4.197406768798828,2.098703384399414
37.836849,4.484390735626221,4.069207668304443,4.276799201965332
37.846874,0,4.140097618103027,2.0700488090515137
37.85687,4.45900821685791,4.079489231109619,4.269248723983765
37.866855,0,4.006743431091309,2.0033717155456543
37.876922,4.459845542907715,4.049954414367676,4.254899978637695
37.886946,0,3.9897618293762207,1.9948809146881104
37.896942,4.451712608337402,4.0228271484375,4.237269878387451
37.906928,0,3.985717296600342,1.992858648300171
37.916994,4.5032572746276855,4.0536370277404785,4.278447151184082
37.937015,4.4334235191345215,4.201815605163574,4.317619562149048
37.957067,4.495370864868164,4.106654167175293,4.3010125160217285
37.977087,0,4.150087356567383,2.0750436782836914
37.987072,4.569362163543701,4.154921531677246,4.362141847610474
38.007164,0,4.189823150634766,2.094911575317383
38.027145,4.688079357147217,4.168917179107666,4.428498268127441
38.037211,0,4.214509010314941,2.1072545051574707
38.047236,4.687166690826416,4.164420127868652,4.425793409347534
38.057232,0,4.23654317855835,2.118271589279175
38.077284,4.655689716339111,4.181515216827393,4.418602466583252
38.087309,4.449445724487305,4.219088554382324,4.3342671394348145
38.097304,4.570641040802002,4.184589385986328,4.377615213394165
38.117357,4.414055347442627,4.238386154174805,4.326220750808716
38.127382,4.571043014526367,4.19542121887207,4.383232116699219
38.147362,4.435067653656006,4.258790493011475,4.34692907333374
38.167454,4.743155002593994,0,2.371577501296997
38.177449,4.434355735778809,4.271719455718994,4.353037595748901
38.187434,0,0,0.0
38.207526,4.360400676727295,4.411582946777344,4.385991811752319
38.247599,0,3.789470911026001,1.8947354555130005
38.297668,3.6613690853118896,4.2431559562683105,3.9522625207901
38.307653,0,3.7165117263793945,1.8582558631896973
38.317719,0,4.230663776397705,2.1153318881988525
38.327744,0,3.7216529846191406,1.8608264923095703
38.337739,4.069208145141602,4.074936389923096,4.072072267532349
38.357792,0,0,0.0
38.367816,4.225341796875,4.20012092590332,4.21273136138916
38.377812,0,0,0.0
38.407889,4.285279750823975,4.255610942840576,4.270445346832275
38.417884,0,3.7463948726654053,1.8731974363327026
38.42787,0,4.129337310791016,2.064668655395508
38.437936,0,4.370660305023193,2.1853301525115967
38.447961,0,4.379305839538574,2.189652919769287
38.457957,3.954063653945923,4.403405666351318,4.178734660148621
38.467942,4.168569564819336,4.367873668670654,4.268221616744995
38.478009,3.9131510257720947,4.1884660720825195,4.050808548927307
38.488033,4.164510726928711,4.300540924072266,4.232525825500488
38.49803,3.8844923973083496,4.12709379196167,4.00579309463501
38.508015,0,4.286230087280273,2.1431150436401367
38.518082,0,4.070076942443848,2.035038471221924
38.528106,0,4.239136219024658,2.119568109512329
38.538102,0,3.9392004013061523,1.9696002006530762
38.548087,0,4.188560485839844,2.094280242919922
38.558154,4.658655166625977,3.826268434524536,4.242461800575256
38.568179,4.4424285888671875,3.9668519496917725,4.20464026927948
38.578174,4.854313373565674,0,2.427156686782837
38.58816,4.498094081878662,3.326277494430542,3.912185788154602
38.598227,4.872506141662598,3.486283779144287,4.179394960403442
38.608252,0,4.031991004943848,2.015995502471924
38.618247,5.080206871032715,4.166229248046875,4.623218059539795
38.628233,0,4.307114601135254,2.153557300567627
38.638299,4.41436243057251,4.293106555938721,4.353734493255615
38.648324,0,4.368701934814453,2.1843509674072266
38.65832,0,4.331401348114014,2.165700674057007
38.668305,0,4.380939483642578,2.190469741821289
38.678371,4.015538215637207,4.373687744140625,4.194612979888916
38.688396,4.184007167816162,4.395698547363281,4.289852857589722
38.698391,4.730463027954102,4.331813335418701,4.531138181686401
38.708378,4.449809551239014,4.378474235534668,4.414141893386841
38.718444,4.827939987182617,4.309930324554443,4.56893515586853
38.728468,0,4.169416427612305,2.0847082138061523
38.738464,4.972112655639648,4.28029203414917,4.626202344894409
38.748451,0,4.1501593589782715,2.0750796794891357
38.758516,5.019985198974609,4.302125453948975,4.661055326461792
38.768541,0,0,0.0
38.778537,5.037349700927734,4.308513641357422,4.672931671142578
38.788522,4.565486431121826,4.3538689613342285,4.459677696228027
38.79859,4.866534233093262,4.3338303565979,4.600182294845581
38.808613,0,4.401332855224609,2.2006664276123047
38.818609,4.990618705749512,0,2.495309352874756
38.828596,0,4.429600715637207,2.2148003578186035
38.838662,5.054216384887695,0,2.5271081924438477
38.848686,4.75827169418335,4.432281970977783,4.595276832580566
38.858682,4.177328586578369,4.375580310821533,4.276454448699951
38.868668,0,4.456049919128418,2.228024959564209
38.878734,3.953752279281616,0,1.976876139640808
38.888759,0,4.487840175628662,2.243920087814331
38.898755,4.571493625640869,0,2.2857468128204346
38.90874,0,4.335525035858154,2.167762517929077
38.918807,4.859764099121094,3.880863666534424,4.370313882827759
38.928832,0,4.190553665161133,2.0952768325805664
38.938827,4.961693286895752,0,2.480846643447876
38.948812,0,4.287220001220703,2.1436100006103516
38.95888,5.003325939178467,0,2.5016629695892334
38.968904,0,4.363758563995361,2.1818792819976807
38.9789,5.010490417480469,0,2.5052452087402344
38.988885,0,4.396411895751953,2.1982059478759766
38.998952,4.769599914550781,0,2.3847999572753906
39.008977,0,4.4115118980407715,2.2057559490203857
39.018972,4.897194862365723,0,2.4485974311828613
39.028958,0,4.414322853088379,2.2071614265441895
39.039025,4.739368438720703,0,2.3696842193603516
39.049049,0,4.463987827301025,2.2319939136505127
39.059045,4.8929643630981445,0,2.4464821815490723
39.069031,4.852077007293701,4.478952407836914,4.665514707565308
39.079096,4.825099468231201,0,2.4125497341156006
39.089121,4.842459201812744,4.483314037322998,4.662886619567871
39.099117,4.950134754180908,0,2.475067377090454
39.109103,0,4.486936569213867,2.2434682846069336
39.11917,4.969136714935303,0,2.4845683574676514
39.129193,0,4.487740516662598,2.243870258331299
39.13919,4.99124813079834,0,2.49562406539917
39.149175,0,4.493216514587402,2.246608257293701
39.159242,4.970694541931152,0,2.485347270965576
39.169266,0,4.497854709625244,2.248927354812622
39.179262,4.9635748863220215,0,2.4817874431610107
39.189248,0,4.502368450164795,2.2511842250823975
39.199314,4.945197582244873,0,2.4725987911224365
39.209339,0,4.50478458404541,2.252392292022705
39.219335,4.9431586265563965,0,2.4715793132781982
39.22932,0,4.514669418334961,2.2573347091674805
39.239387,0,0,0.0
39.249411,0,4.505889415740967,2.2529447078704834
39.259407,4.928236484527588,0,2.464118242263794
39.269393,0,4.509213447570801,2.2546067237854004
39.279459,4.905933856964111,0,2.4529669284820557
39.289484,0,4.517066478729248,2.258533239364624
39.299479,4.8783345222473145,0,2.4391672611236572
39.309465,0,4.523341178894043,2.2616705894470215
39.319532,0,0,0.0
39.329556,0,4.498260974884033,2.2491304874420166
39.339552,4.774158477783203,0,2.3870792388916016
39.349538,4.485363960266113,4.527698516845703,4.506531238555908
39.359604,4.331688404083252,0,2.165844202041626
39.369629,4.314762592315674,4.560321807861328,4.437542200088501
39.379625,4.267035007476807,0,2.1335175037384033
39.38961,0,4.538846492767334,2.269423246383667
39.399677,0,0,0.0
39.4097,4.300547122955322,4.52606725692749,4.413307189941406
39.419697,0,0,0.0
39.429683,4.309849739074707,4.559552192687988,4.434700965881348
39.43975,0,0,0.0
39.449774,4.281518459320068,4.57019567489624,4.425857067108154
39.45977,0,0,0.0
39.469755,4.365073204040527,4.582458972930908,4.473766088485718
39.479821,0,0,0.0
39.489847,4.429064750671387,4.584855079650879,4.506959915161133
39.499842,0,0,0.0
39.509828,4.475461483001709,4.588122367858887,4.531791925430298
39.519894,4.837545871734619,0,2.4187729358673096
39.529919,4.635660648345947,4.594933032989502,4.615296840667725
39.539915,4.9010186195373535,0,2.4505093097686768
39.5499,4.693215847015381,4.564741134643555,4.628978490829468
39.559967,4.920808792114258,0,2.460404396057129
39.569991,4.692755222320557,4.624022006988525,4.658388614654541
39.579987,4.927567958831787,0,2.4637839794158936
39.589973,4.698001384735107,4.62431001663208,4.661155700683594
39.600039,0,0,0.0
39.610064,4.611148357391357,4.631198883056641,4.621173620223999
39.620059,4.915496349334717,0,2.4577481746673584
39.630045,4.709454536437988,4.637388706207275,4.673421621322632
39.640112,0,0,0.0
39.650137,4.642832279205322,4.8640618324279785,4.75344705581665
39.660132,0,0,0.0
39.670118,4.631697177886963,4.925999641418457,4.77884840965271
39.680184,0,0,0.0
39.690209,4.6179962158203125,4.981634616851807,4.79981541633606
39.700205,0,0,0.0
39.71019,4.609817028045654,5.002096176147461,4.805956602096558
39.720257,4.945425510406494,0,2.472712755203247
39.730281,4.545969486236572,5.018401622772217,4.7821855545043945
39.740277,4.9465460777282715,0,2.4732730388641357
39.750263,4.690426349639893,5.036787033081055,4.863606691360474
39.760329,4.999410629272461,0,2.4997053146362305
39.770354,4.704055309295654,5.073624610900879,4.888839960098267
39.780349,4.832484722137451,0,2.4162423610687256
39.790335,4.658011436462402,5.06699275970459,4.862502098083496
39.800401,0,0,0.0
39.810426,4.5921101570129395,5.030077934265137,4.811094045639038
39.820422,0,0,0.0
39.830407,4.606185436248779,4.8412275314331055,4.723706483840942
39.840474,0,0,0.0
39.850498,4.612929344177246,4.76084566116333,4.686887502670288
39.860494,0,0,0.0
39.87048,4.607437610626221,4.561258316040039,4.58434796333313
39.880547,4.7377729415893555,0,2.3688864707946777
39.890572,4.641017913818359,4.501867294311523,4.571442604064941
39.900567,4.729337215423584,0,2.364668607711792
39.910553,4.607066631317139,4.411616325378418,4.509341478347778
39.92062,0,0,0.0
39.930643,4.516672611236572,4.285793781280518,4.401233196258545
39.94064,4.373619079589844,0,2.186809539794922
39.950625,0,4.260854244232178,2.130427122116089
39.960692,4.280285358428955,0,2.1401426792144775
39.970717,0,4.229039192199707,2.1145195960998535
39.980712,4.215667247772217,0,2.1078336238861084
39.990698,0,4.186718940734863,2.0933594703674316
40.000764,4.165109634399414,0,2.082554817199707
40.010788,0,4.012327194213867,2.0061635971069336
40.020784,4.1268768310546875,0,2.0634384155273438
40.03077,0,3.956845998764038,1.978422999382019
40.040837,4.069286346435547,0,2.0346431732177734
40.050862,0,3.9155983924865723,1.9577991962432861
40.060857,4.019777774810791,0,2.0098888874053955
40.070843,0,0,0.0
40.080909,3.9249231815338135,0,1.9624615907669067
40.090934,0,3.791116237640381,1.8955581188201904
40.100929,0,0,0.0
40.110916,0,3.681544303894043,1.8407721519470215
40.120982,0,0,0.0
40.131007,3.2635984420776367,3.489851951599121,3.376725196838379
40.141002,3.312148094177246,0,1.656074047088623
40.150987,0,0,0.0
40.161054,3.3625690937042236,0,1.6812845468521118
40.171079,0,3.5662217140197754,1.7831108570098877
40.181075,3.3924248218536377,0,1.6962124109268188
40.19106,0,0,0.0
40.201127,3.4341881275177,0,1.71709406375885
40.211151,0,0,0.0
40.221147,3.453371047973633,0,1.7266855239868164
40.231133,0,0,0.0
40.241199,3.443253517150879,0,1.7216267585754395
40.251224,0,0,0.0
40.261219,3.418006181716919,0,1.7090030908584595
40.35135,0,0,0.0
40.361416,3.4895827770233154,0,1.7447913885116577
40.371441,0,3.237825870513916,1.618912935256958
40.381437,3.4480459690093994,0,1.7240229845046997
40.391423,3.505721092224121,3.3143279552459717,3.4100245237350464
40.40149,3.4013419151306152,0,1.7006709575653076
40.411514,0,0,0.0
40.421509,3.3795416355133057,0,1.6897708177566528
40.431495,0,0,0.0
40.441561,3.280207872390747,0,1.6401039361953735
40.451586,0,0,0.0
40.461582,3.260824680328369,0,1.6304123401641846
40.471567,0,3.384476661682129,1.6922383308410645
40.481634,0,0,0.0
40.491659,0,0,0.0
40.501655,0,0,0.0
40.51164,0,0,0.0
40.521707,0,0,0.0
40.531731,0,0,0.0
40.541727,0,0,0.0
40.551713,0,0,0.0
40.561779,0,0,0.0
40.571805,0,0,0.0
40.5818,0,0,0.0
40.591785,0,0,0.0
40.601852,0,0,0.0
40.611876,0,0,0.0
40.621872,0,0,0.0
40.631858,0,0,0.0
40.641925,0,0,0.0
40.651948,0,0,0.0
40.661945,0,3.2845346927642822,1.6422673463821411
40.67193,0,0,0.0
40.681996,0,0,0.0
40.692022,0,0,0.0
40.702018,0,0,0.0
40.712001,0,0,0.0
40.722069,0,0,0.0
40.732094,0,0,0.0
40.742089,0,0,0.0
40.752076,3.3584072589874268,0,1.6792036294937134
40.762141,0,0,0.0
40.782162,0,0,0.0
40.792147,3.0628771781921387,4.153130531311035,3.608003854751587
40.802214,0,0,0.0
40.812238,0,0,0.0
40.822235,0,0,0.0
40.83222,2.972656726837158,0,1.486328363418579
40.842287,0,3.523512601852417,1.7617563009262085
40.852311,0,0,0.0
40.862307,0,0,0.0
40.872293,0,0,0.0
40.882359,0,0,0.0
40.892384,0,0,0.0
40.90238,0,0,0.0
40.912365,3.189276933670044,0,1.594638466835022
40.922431,0,0,0.0
40.932456,3.248581886291504,0,1.624290943145752
40.942452,0,0,0.0
40.952438,0,0,0.0
40.962505,0,0,0.0
40.972529,0,0,0.0
40.982525,0,0,0.0
40.992511,0,0,0.0
41.002577,0,0,0.0
41.012601,0,0,0.0
41.022597,0,0,0.0
41.032582,0,0,0.0
41.042649,0,3.2419393062591553,1.6209696531295776
41.052674,3.2713537216186523,0,1.6356768608093262
41.06267,0,0,0.0
41.072655,3.2623164653778076,0,1.6311582326889038
41.082722,0,0,0.0
41.092747,0,0,0.0
41.102743,0,3.2103493213653564,1.6051746606826782
41.112728,0,0,0.0
41.122794,0,0,0.0
41.132819,0,0,0.0
41.142815,0,0,0.0
41.162867,2.916468620300293,0,1.4582343101501465
41.172891,0,3.2239558696746826,1.6119779348373413
41.182887,0,0,0.0
41.192873,0,3.025324583053589,1.5126622915267944
41.202939,0,0,0.0
41.212964,0,0,0.0
41.22296,3.1859166622161865,0,1.5929583311080933
41.232945,0,0,0.0
41.243012,3.1682841777801514,0,1.5841420888900757
41.253036,0,0,0.0
41.263032,0,0,0.0
41.273018,0,0,0.0
41.283084,0,0,0.0
41.293109,0,0,0.0
41.303105,0,0,0.0
41.31309,0,0,0.0
41.323157,0,0,0.0
41.333182,0,0,0.0
41.343177,0,0,0.0
41.353163,0,0,0.0
41.36323,0,0,0.0
41.373254,0,0,0.0
41.38325,0,0,0.0
41.393235,0,0,0.0
41.403301,0,0,0.0
41.413326,0,0,0.0
41.423322,0,0,0.0
41.433308,0,0,0.0
41.443375,0,0,0.0
41.453399,0,0,0.0
41.463394,0,0,0.0
41.47338,0,0,0.0
41.483447,0,0,0.0
41.493472,0,0,0.0
41.503466,0,0,0.0
41.513453,0,0,0.0
41.523519,0,0,0.0
41.533544,0,0,0.0
41.54354,0,0,0.0
41.553525,0,0,0.0
41.563593,3.3800556659698486,0,1.6900278329849243
41.573616,0,0,0.0
41.583612,0,0,0.0
41.593598,0,3.0664875507354736,1.5332437753677368
41.603664,0,0,0.0
41.613688,0,0,0.0
41.623685,3.215139150619507,0,1.6075695753097534
41.63367,0,3.118684768676758,1.559342384338379
41.643737,0,0,0.0
41.653762,0,0,0.0
41.663757,0,0,0.0
41.673743,0,3.1208717823028564,1.5604358911514282
41.68381,2.8721911907196045,0,1.4360955953598022
41.693834,0,0,0.0
41.703829,0,0,0.0
41.713815,0,3.046295404434204,1.523147702217102
41.723882,0,0,0.0
41.733906,0,0,0.0
41.743903,0,0,0.0
41.753888,0,2.4820022583007812,1.2410011291503906
41.763954,0,0,0.0
41.773979,0,2.2370214462280273,1.1185107231140137
41.783974,2.8720810413360596,0,1.4360405206680298
41.793959,0,2.1950442790985107,1.0975221395492554
41.804027,2.90629243850708,0,1.45314621925354
41.814051,0,0,0.0
41.824047,0,0,0.0
41.834033,0,2.1751887798309326,1.0875943899154663
41.844099,2.9871387481689453,0,1.4935693740844727
41.854124,0,0,0.0
41.86412,0,0,0.0
41.874105,0,2.215794324874878,1.107897162437439
41.884172,3.0647575855255127,0,1.5323787927627563
41.894196,0,0,0.0
41.904192,0,0,0.0
41.914177,0,2.6833770275115967,1.3416885137557983
41.924244,3.186772346496582,0,1.593386173248291
41.934269,0,0,0.0
41.944265,0,0,0.0
41.95425,0,2.9281914234161377,1.4640957117080688
41.964317,3.0557196140289307,0,1.5278598070144653
41.974341,0,0,0.0
41.984337,0,0,0.0
41.994323,0,3.036945104598999,1.5184725522994995
42.004389,3.169551372528076,0,1.584775686264038
42.014414,0,0,0.0
42.02441,0,0,0.0
42.034396,0,0,0.0
42.044462,3.1932528018951416,0,1.5966264009475708
42.054486,0,0,0.0
42.064482,0,0,0.0
42.074468,0,0,0.0
42.084534,0,0,0.0
42.09456,0,0,0.0
42.104554,3.3080894947052,0,1.6540447473526
